Hospital_ID,Region,Therapy_Area,Monthly_Prescriptions,Avg_Patient_Footfall,Revenue_USD_K,Medicine_Varieties_Stocked,Avg_Order_Value_USD,Inventory_Turnover,Sales_Rep_Visits_Monthly,Marketing_Spend_USD_K,Digital_Engagement_Score,Clinical_Trial_Participation,Prescription_Growth_Pct,Customer_Satisfaction_Score
HOSP1000,West,Respiratory,1087,6339,513.77,10,7294.48,3.62,17,48.08,62.22,1,52.86,5.73
HOSP1001,Central,Respiratory,1646,6544,1191.51,245,3263.06,2.03,11,225.33,12.2,1,-6.03,4.32
HOSP1002,East,Respiratory,749,2616,687.92,190,1821.82,1.35,20,168.87,16.48,1,2.88,1.59
HOSP1003,Central,Respiratory,1068,9188,291.49,197,12562.67,3.73,16,158.68,44.27,1,21.35,6.6
HOSP1004,Central,Neurology,2737,4354,1285.36,171,7586.74,13.5,9,25.77,40.29,1,1.07,6.27
HOSP1005,South,Neurology,1200,5819,1326.19,13,314.28,14.82,2,151.44,74.61,0,-3.21,3.53
HOSP1006,East,Diabetes,540,2136,710.14,154,12064.42,15.94,5,31.12,58.49,1,27.93,9.19
HOSP1007,East,Cardiology,869,4007,132.04,141,14713.83,5.63,1,20.6,39.43,1,-12.89,3.74
HOSP1008,East,Respiratory,1443,7351,593.98,180,9128.3,6.81,4,132.3,17.91,0,-15.35,5.05
HOSP1009,Central,Diabetes,4458,9693,1209.24,227,7605.25,10.18,4,101.29,23.46,1,9.78,5.89
HOSP1010,West,Cardiology,3829,3436,1354.63,13,13188.4,2.2,22,147.61,57.97,0,37.65,1.9
HOSP1011,East,Oncology,4006,2552,321.14,10,14292.5,12.61,26,23.22,42.92,1,24.38,9.39
HOSP1012,Central,Neurology,1677,2132,119.12,80,11342.6,19.69,25,108.31,51.98,1,13.83,4.37
HOSP1013,South,Cardiology,4108,8756,1318.48,231,6737.25,7.86,3,44.52,17.9,0,25.26,1.73
HOSP1014,West,Oncology,3451,5116,596.32,187,8924.1,15.3,9,246.79,66.63,1,9.24,4.49
HOSP1015,South,Cardiology,4895,5698,821.81,210,10543.94,10.5,22,140.73,85.4,1,54.89,6.4
HOSP1016,West,Neurology,2449,1146,1452.74,198,2994.68,3.43,23,172.17,26.54,0,-15.61,5.62
HOSP1017,Central,Neurology,3702,9769,118.52,44,6763.3,12.06,12,82.03,49.66,0,33.87,7.25
HOSP1018,North,Diabetes,1341,1639,979.51,17,12464.34,6.7,10,24.59,97.58,1,51.3,1.5
HOSP1019,West,Respiratory,1225,7930,129.68,161,9855.41,1.65,2,243.99,33.99,0,44.31,3.56
HOSP1020,South,Cardiology,2701,5057,575.69,220,6226.94,13.06,11,72.28,59.91,1,-5.28,8.37
HOSP1021,Central,Cardiology,1290,540,1209.65,45,9984.1,17.32,10,106.53,9.93,0,3.67,1.72
HOSP1022,West,Oncology,4231,582,661.54,187,1861.51,7.55,22,162.82,61.0,1,37.36,8.7
HOSP1023,North,Neurology,4939,9948,1495.83,132,6082.31,8.42,6,7.15,9.87,0,-13.26,1.83
HOSP1024,North,Cardiology,4548,8691,847.41,52,11917.62,17.93,18,202.75,95.96,0,44.95,8.51
HOSP1025,East,Neurology,172,338,495.32,36,3385.58,16.46,2,134.61,71.85,0,37.51,4.25
HOSP1026,East,Cardiology,2014,558,345.76,41,2870.83,14.58,2,70.28,79.03,0,38.37,6.51
HOSP1027,South,Diabetes,2572,5131,538.77,87,14267.2,5.73,10,16.34,70.71,0,-11.98,2.38
HOSP1028,West,Respiratory,3146,9914,571.35,130,3227.47,18.29,16,41.46,59.38,0,37.42,1.6
HOSP1029,West,Cardiology,807,3656,121.7,155,3987.69,3.93,12,223.86,45.54,0,34.39,2.94
HOSP1030,East,Neurology,1904,1827,566.97,165,14547.28,12.91,1,171.82,85.98,0,46.47,2.15
HOSP1031,West,Diabetes,3813,9695,707.07,166,11047.16,1.55,21,63.23,95.73,0,-16.67,3.81
HOSP1032,West,Cardiology,2664,6826,1089.65,25,10523.99,13.23,8,17.33,50.4,1,-18.15,5.63
HOSP1033,North,Oncology,2575,5204,991.96,108,12808.6,6.27,16,172.96,93.22,0,9.84,6.3
HOSP1034,East,Respiratory,3710,9526,1068.97,56,1825.76,9.54,18,143.53,58.75,1,-8.1,8.11
HOSP1035,Central,Cardiology,4355,6852,32.38,196,10618.75,7.56,13,101.73,54.3,0,24.67,6.91
HOSP1036,East,Diabetes,2923,6616,342.15,40,7604.96,4.28,15,91.54,45.99,1,53.39,6.48
HOSP1037,Central,Oncology,1835,3370,999.29,13,12454.34,12.82,21,54.99,21.72,1,11.32,4.71
HOSP1038,North,Diabetes,1685,4035,736.3,174,7671.31,17.76,12,167.73,1.37,0,47.6,5.26
HOSP1039,South,Diabetes,166,8217,27.86,26,9341.6,19.22,8,242.7,24.91,0,-19.98,4.73
HOSP1040,West,Oncology,3161,2351,1210.65,48,7218.36,4.65,10,44.75,51.46,1,-6.52,8.58
HOSP1041,North,Diabetes,2528,9629,1163.76,57,7224.57,14.63,14,149.68,38.62,1,-17.57,3.07
HOSP1042,West,Oncology,4253,7105,831.66,183,11542.75,13.62,5,106.62,45.4,0,6.25,1.05
HOSP1043,South,Cardiology,441,3034,118.37,227,9465.64,7.52,18,112.23,98.08,0,52.66,6.86
HOSP1044,South,Oncology,2874,9390,1154.44,185,9535.62,1.36,19,64.28,35.68,0,-12.24,2.82
HOSP1045,North,Oncology,2917,2767,883.9,48,6809.21,14.11,15,206.46,45.77,1,28.51,9.01
HOSP1046,South,Respiratory,2761,1507,1177.3,242,8013.53,18.96,6,121.83,14.22,0,16.12,8.73
HOSP1047,Central,Oncology,1332,9048,1132.59,141,11211.19,13.01,27,136.31,5.75,0,55.08,1.69
HOSP1048,South,Oncology,3974,2860,1208.44,39,12406.52,9.27,11,76.89,77.77,0,-10.2,1.96
HOSP1049,West,Cardiology,2501,3930,786.65,167,10478.76,10.98,21,46.27,57.5,0,-3.04,5.46
HOSP1050,West,Respiratory,1594,6407,227.68,31,13868.69,4.79,11,22.39,76.31,0,-17.64,6.48
HOSP1051,West,Neurology,4311,3362,1013.31,212,12322.83,15.26,20,178.82,15.84,1,14.71,3.47
HOSP1052,West,Cardiology,761,1340,938.3,75,8471.77,15.18,20,49.86,57.61,1,2.23,7.45
HOSP1053,Central,Cardiology,3983,8658,1118.53,117,10103.95,3.76,21,172.83,26.11,0,49.59,6.35
HOSP1054,East,Neurology,3719,1908,271.42,21,13901.99,17.68,18,98.2,23.58,0,28.4,3.92
HOSP1055,North,Oncology,1968,3830,308.56,231,9325.6,6.11,25,104.53,2.14,1,29.13,1.23
HOSP1056,West,Diabetes,2434,3411,1337.81,45,12389.62,19.66,18,117.83,13.9,0,22.55,7.75
HOSP1057,South,Respiratory,3474,6738,1129.97,27,10363.28,8.28,10,92.56,31.62,1,-12.65,2.93
HOSP1058,West,Diabetes,1116,9902,1364.18,99,8323.85,4.38,2,26.05,12.57,0,15.6,8.51
HOSP1059,South,Neurology,4506,675,1142.9,190,3703.39,7.68,26,78.1,98.6,1,59.96,4.78
HOSP1060,South,Cardiology,307,7884,903.79,208,6447.36,9.36,9,166.27,31.55,1,46.82,6.19
HOSP1061,West,Cardiology,2765,9368,988.12,10,14519.37,2.32,14,166.78,13.9,0,51.48,8.86
HOSP1062,Central,Respiratory,2593,1407,1335.91,136,9900.7,11.99,19,72.27,20.71,1,45.86,8.77
HOSP1063,South,Cardiology,732,2160,876.63,195,8509.49,12.36,10,115.57,59.18,0,-11.76,4.34
HOSP1064,South,Cardiology,2202,757,955.94,99,14001.05,15.04,23,49.17,7.34,1,-1.8,2.88
HOSP1065,West,Respiratory,3059,1082,251.59,96,8839.03,1.55,4,53.38,86.38,0,-19.75,7.98
HOSP1066,South,Respiratory,3183,4961,721.4,99,7938.63,11.28,29,6.74,96.19,0,4.28,4.9
HOSP1067,South,Neurology,4852,6067,1080.27,246,11413.73,2.01,29,224.29,25.43,0,-11.31,2.73
HOSP1068,West,Cardiology,2031,7163,421.0,143,10718.72,14.32,6,53.47,45.56,1,17.82,9.14
HOSP1069,West,Cardiology,3819,7366,319.34,79,2978.08,2.06,14,57.66,3.19,0,34.17,2.78
HOSP1070,North,Neurology,2662,8129,484.46,53,7122.49,18.32,4,70.62,64.43,0,49.96,1.23
HOSP1071,Central,Oncology,1779,5547,377.42,209,7140.48,14.34,26,32.72,41.98,0,39.94,1.18
HOSP1072,Central,Oncology,336,7469,338.07,161,5735.55,10.64,15,160.18,27.74,1,55.09,6.6
HOSP1073,South,Oncology,4543,8325,648.78,95,7807.67,9.39,16,19.71,21.48,0,-15.69,6.96
HOSP1074,Central,Neurology,4825,2654,1363.6,28,6255.3,3.48,7,34.42,65.75,1,-19.03,3.8
HOSP1075,South,Cardiology,1640,4694,770.45,110,3070.25,6.53,17,161.54,42.21,1,32.91,3.88
HOSP1076,North,Neurology,4043,2146,298.12,155,6244.26,17.51,19,85.58,18.79,1,3.15,4.06
HOSP1077,West,Neurology,463,3008,133.92,104,1176.93,18.18,29,177.28,69.22,0,0.28,7.12
HOSP1078,West,Oncology,2468,6842,1050.31,110,8679.21,1.01,19,139.8,56.94,0,6.47,1.52
HOSP1079,West,Diabetes,385,4025,586.54,39,12819.45,12.29,17,64.75,86.01,1,1.58,9.36
HOSP1080,Central,Cardiology,248,3736,1236.31,179,10906.78,14.67,6,163.06,12.63,0,20.91,3.0
HOSP1081,North,Oncology,4137,6268,996.08,42,5469.87,12.76,29,29.95,78.78,0,15.21,10.0
HOSP1082,Central,Diabetes,4651,4002,1198.44,211,1397.36,2.55,11,134.57,67.68,1,20.99,2.54
HOSP1083,Central,Diabetes,1866,4899,422.48,238,3112.03,5.14,16,109.85,12.39,1,33.82,7.94
HOSP1084,North,Respiratory,4995,2170,1044.69,21,8227.81,5.76,25,67.7,69.79,0,10.97,3.01
HOSP1085,North,Cardiology,1112,6006,410.81,127,3185.15,16.8,8,151.4,44.71,1,0.1,1.73
HOSP1086,North,Diabetes,2931,6342,1409.82,103,8205.2,9.8,11,217.96,94.55,0,-6.7,8.87
HOSP1087,North,Oncology,2607,3019,961.83,164,3550.83,10.25,7,249.73,15.02,1,7.96,8.73
HOSP1088,West,Respiratory,1623,9294,500.28,176,12748.97,18.76,26,152.33,64.64,0,39.34,4.63
HOSP1089,East,Cardiology,2885,564,418.88,146,6019.34,13.1,24,101.77,38.82,0,40.54,7.32
HOSP1090,East,Neurology,2656,4458,302.57,158,3758.7,18.07,22,57.08,95.72,1,33.35,6.01
HOSP1091,North,Oncology,3825,3319,1048.07,85,12203.66,9.67,25,65.02,33.67,0,-1.28,8.68
HOSP1092,East,Diabetes,4676,2063,343.7,38,5208.3,3.84,19,120.38,96.26,0,27.05,3.84
HOSP1093,East,Diabetes,1701,315,901.05,170,1761.17,18.67,26,92.45,90.25,1,25.66,5.71
HOSP1094,North,Oncology,2508,7284,411.66,244,8599.1,9.72,10,228.54,27.77,0,18.74,5.37
HOSP1095,East,Diabetes,440,8216,999.71,199,8765.31,4.45,9,92.71,80.55,0,24.0,4.19
HOSP1096,Central,Respiratory,2917,2584,1226.11,126,10748.97,6.75,4,93.99,99.56,0,19.34,9.02
HOSP1097,South,Cardiology,2596,4135,1171.48,24,3679.27,1.97,23,96.5,26.01,1,25.24,2.49
HOSP1098,South,Respiratory,1825,7942,1146.06,11,6712.19,9.9,15,209.32,44.24,1,37.24,2.35
HOSP1099,North,Diabetes,1789,5642,297.83,189,4307.28,17.21,13,163.05,52.5,1,-11.23,6.19
HOSP1100,West,Neurology,3367,2690,150.81,240,1306.21,18.74,25,153.93,30.2,1,39.97,6.92
HOSP1101,North,Cardiology,4506,7180,1054.44,126,13161.55,18.72,2,84.2,2.51,1,-9.13,2.75
HOSP1102,West,Cardiology,361,9334,565.15,181,10960.16,3.38,2,204.66,22.79,0,-14.67,4.52
HOSP1103,South,Oncology,1542,7861,659.87,191,4591.8,8.26,16,10.55,28.91,0,58.09,9.52
HOSP1104,North,Oncology,505,1924,66.1,27,9030.66,1.54,9,217.83,44.92,0,56.56,3.22
HOSP1105,Central,Neurology,2290,8382,404.17,12,3098.83,17.25,28,128.67,17.94,1,-15.17,7.02
HOSP1106,East,Cardiology,4537,2967,69.84,144,13364.53,7.82,13,100.16,87.45,0,15.46,7.66
HOSP1107,West,Neurology,343,1337,1321.19,180,1812.1,12.99,3,124.79,70.79,1,-5.1,5.03
HOSP1108,East,Oncology,4685,4317,380.23,219,157.17,14.58,9,167.19,9.43,0,18.83,9.44
HOSP1109,East,Oncology,4207,3620,844.86,245,7579.92,9.17,13,4.18,65.36,1,46.41,7.63
HOSP1110,North,Cardiology,660,6045,77.69,175,8788.6,6.82,21,218.02,65.71,0,56.05,5.12
HOSP1111,East,Respiratory,4237,4978,1006.93,174,8726.58,19.28,22,112.24,95.67,0,30.74,6.12
HOSP1112,Central,Diabetes,2825,4106,498.08,195,912.23,19.33,2,86.4,1.3,1,8.31,7.23
HOSP1113,East,Oncology,693,3837,1348.92,170,4779.25,6.5,8,35.42,25.55,0,28.27,6.33
HOSP1114,North,Oncology,1926,3153,1334.41,117,7538.06,10.11,27,110.43,92.85,0,4.96,8.91
HOSP1115,Central,Respiratory,3329,6129,501.43,196,3327.03,19.48,9,124.58,93.28,1,52.79,4.21
HOSP1116,South,Respiratory,3387,476,1353.42,104,13102.13,1.09,16,101.51,72.34,0,49.63,3.7
HOSP1117,East,Neurology,4173,2199,1494.31,131,1397.93,8.84,2,169.99,76.81,0,24.66,2.92
HOSP1118,North,Neurology,233,1427,1241.62,20,7362.03,2.91,6,105.8,10.06,1,5.98,1.34
HOSP1119,South,Diabetes,3238,6537,1270.41,77,10402.1,10.67,22,240.39,51.87,1,3.47,1.39
HOSP1120,South,Diabetes,4019,3935,388.53,132,4000.09,1.47,8,150.22,23.93,1,-17.33,8.83
HOSP1121,West,Cardiology,172,895,873.52,219,9401.19,8.73,26,202.06,18.94,1,45.27,7.11
HOSP1122,Central,Neurology,4594,9701,119.54,205,12457.84,5.19,28,28.23,81.22,1,16.03,6.94
HOSP1123,East,Oncology,4325,4352,160.48,122,2936.02,11.13,5,99.93,14.37,0,6.01,6.53
HOSP1124,North,Neurology,3078,8101,1498.36,107,13766.59,19.92,9,84.88,47.4,1,17.69,8.64
HOSP1125,West,Oncology,4461,7670,503.43,102,8348.02,16.21,1,142.8,93.92,1,45.5,5.32
HOSP1126,Central,Respiratory,2085,7737,1127.31,225,4558.56,17.07,9,215.42,19.4,0,-10.03,8.83
HOSP1127,West,Neurology,892,3041,1213.86,31,6519.79,13.07,10,20.51,97.82,0,48.61,4.24
HOSP1128,Central,Respiratory,4359,4408,1289.87,203,4751.66,1.79,23,19.07,99.43,0,51.8,9.34
HOSP1129,Central,Diabetes,194,8933,1496.49,181,10904.16,4.93,4,212.73,56.01,0,55.74,7.29
HOSP1130,East,Diabetes,1233,1288,377.41,136,11964.88,18.58,3,54.0,17.84,0,11.8,3.31
HOSP1131,Central,Cardiology,337,3563,79.72,143,12510.77,7.96,10,167.52,32.29,1,-2.63,6.08
HOSP1132,West,Neurology,3046,224,628.56,179,14787.95,2.97,15,136.18,43.02,0,9.89,5.8
HOSP1133,Central,Respiratory,2630,9964,212.52,34,11890.14,14.35,11,208.39,31.62,1,6.63,2.24
HOSP1134,East,Oncology,2060,6344,53.19,194,9060.62,6.69,14,32.15,28.78,0,-5.91,6.32
HOSP1135,East,Diabetes,1148,5868,553.43,94,5154.38,6.11,6,33.32,97.25,1,28.58,3.83
HOSP1136,West,Diabetes,2629,4436,1179.93,64,8214.47,19.96,12,139.65,16.18,0,18.13,1.47
HOSP1137,South,Oncology,3064,8268,857.95,153,711.92,17.3,13,236.65,73.6,1,49.26,9.54
HOSP1138,South,Respiratory,1063,2435,482.91,104,11197.89,8.75,17,104.33,1.04,1,-17.43,6.77
HOSP1139,Central,Respiratory,636,7495,988.43,151,6744.74,19.62,16,82.41,60.02,1,31.51,8.89
HOSP1140,North,Neurology,4323,8592,363.39,176,398.35,13.35,3,152.07,91.68,1,41.04,7.08
HOSP1141,Central,Neurology,3779,8648,41.28,165,1031.35,15.1,2,232.68,29.51,1,40.76,4.21
HOSP1142,West,Cardiology,4287,3947,1151.24,233,5873.25,1.6,11,209.4,19.37,1,50.89,5.61
HOSP1143,West,Diabetes,3824,3375,943.14,229,8792.98,3.31,29,248.88,65.52,1,38.32,7.08
HOSP1144,West,Neurology,642,5097,1148.21,188,7016.64,13.03,9,6.62,71.55,1,54.22,9.64
HOSP1145,West,Respiratory,945,5237,77.63,128,9326.14,18.08,3,29.1,69.12,1,6.61,3.28
HOSP1146,West,Oncology,3703,7627,1258.94,186,7256.38,12.85,29,152.76,32.61,1,20.26,8.87
HOSP1147,East,Respiratory,3136,8805,936.9,18,9959.39,3.55,18,205.32,25.97,0,-18.87,9.32
HOSP1148,South,Diabetes,2594,2214,853.83,195,3364.98,3.2,20,72.03,95.64,1,-19.44,7.03
HOSP1149,West,Respiratory,4585,1581,944.43,182,1781.36,17.04,15,60.56,92.41,1,-0.79,9.38
HOSP1150,North,Cardiology,2819,1298,1299.36,159,8986.87,3.65,14,196.96,46.27,0,-11.94,4.58
HOSP1151,North,Diabetes,1984,3626,888.67,169,7321.87,10.88,2,15.04,84.77,1,0.82,9.58
HOSP1152,North,Oncology,4238,3855,879.81,206,500.33,1.71,17,92.98,45.78,1,-5.84,7.33
HOSP1153,North,Cardiology,4449,8138,1486.21,224,5769.18,2.53,22,126.95,43.01,0,-17.72,1.38
HOSP1154,East,Diabetes,3301,9301,1139.96,206,1681.27,13.77,26,140.53,16.52,0,52.74,9.16
HOSP1155,North,Oncology,2810,387,674.59,51,8017.22,14.09,8,182.43,43.21,1,-19.34,5.36
HOSP1156,West,Cardiology,2053,5609,1066.95,62,5997.09,7.49,10,89.36,54.2,0,38.89,5.14
HOSP1157,Central,Cardiology,4837,2292,596.06,233,9235.96,5.1,26,153.56,3.23,1,-7.83,6.1
HOSP1158,North,Diabetes,3950,2330,358.74,196,12103.47,16.46,18,146.76,44.97,1,52.98,2.34
HOSP1159,East,Neurology,789,5442,903.34,83,4565.06,5.12,25,137.36,78.35,1,51.42,5.22
HOSP1160,East,Cardiology,2050,8749,1393.71,48,14435.32,11.3,29,160.48,68.32,0,32.31,8.48
HOSP1161,North,Cardiology,556,5847,1395.13,131,8080.95,19.4,19,65.6,63.88,1,33.78,1.14
HOSP1162,Central,Oncology,2230,5385,526.02,24,9312.53,3.81,8,22.08,91.05,1,-19.57,3.46
HOSP1163,North,Respiratory,4076,5976,800.96,208,10242.02,18.88,28,30.7,2.79,0,58.79,1.02
HOSP1164,East,Diabetes,4344,8113,333.22,166,10034.3,4.47,8,56.92,56.15,1,50.23,4.74
HOSP1165,South,Diabetes,1279,7747,1493.53,132,7713.46,11.78,3,125.55,78.95,1,51.61,7.55
HOSP1166,West,Neurology,4385,8023,1472.05,120,6488.59,8.16,3,210.27,54.59,1,32.74,8.19
HOSP1167,East,Neurology,3665,7555,981.27,140,901.35,19.33,12,175.62,33.07,1,7.58,9.51
HOSP1168,North,Diabetes,982,6665,1210.53,92,429.08,6.2,22,197.47,14.49,1,51.49,6.48
HOSP1169,West,Neurology,499,1697,1078.35,19,5433.62,8.59,17,88.39,88.87,1,3.32,3.29
HOSP1170,North,Oncology,708,2755,897.87,101,5071.55,19.67,4,101.76,47.61,0,25.02,9.32
HOSP1171,North,Diabetes,1738,5609,98.96,38,5876.66,11.19,17,99.03,87.93,1,-12.02,7.98
HOSP1172,South,Neurology,2248,3151,693.05,216,2161.69,10.55,14,48.78,59.0,1,53.76,6.17
HOSP1173,West,Diabetes,1482,1438,1018.68,44,11098.71,5.9,19,16.24,67.75,0,-8.74,7.26
HOSP1174,West,Respiratory,1503,9365,1022.75,15,12868.77,14.33,9,148.14,80.62,1,-2.01,9.32
HOSP1175,South,Cardiology,919,4927,572.22,149,14086.85,1.27,21,247.31,66.26,1,24.65,7.41
HOSP1176,East,Diabetes,3392,4165,1413.7,120,7436.2,1.94,12,42.54,40.41,0,41.13,4.32
HOSP1177,North,Cardiology,919,5886,267.69,47,10542.9,12.39,5,12.62,51.85,0,29.55,7.42
HOSP1178,Central,Neurology,519,9442,760.53,86,12847.71,7.49,11,195.1,80.5,0,-1.43,1.36
HOSP1179,North,Cardiology,4319,3901,1042.51,102,6332.54,19.11,20,63.89,37.99,0,-19.92,4.48
HOSP1180,North,Diabetes,4617,2980,1051.76,156,4710.25,18.16,3,207.58,39.42,0,40.57,4.66
HOSP1181,East,Respiratory,3402,7598,979.99,76,14057.2,14.56,21,176.28,10.47,0,58.82,2.5
HOSP1182,North,Neurology,1608,1788,427.43,145,7783.58,16.54,15,236.47,91.54,0,44.79,1.21
HOSP1183,South,Diabetes,867,2568,251.19,17,7509.08,13.68,14,102.82,10.01,1,16.82,2.2
HOSP1184,South,Neurology,2144,5989,961.19,131,2758.4,3.39,11,165.83,65.17,1,52.3,6.89
HOSP1185,West,Oncology,2239,636,906.97,93,1711.51,15.55,20,116.75,41.91,1,12.79,8.22
HOSP1186,Central,Cardiology,3129,3028,285.45,184,12647.39,4.99,8,158.02,41.16,0,21.99,9.89
HOSP1187,North,Oncology,1649,1756,1063.61,141,9250.58,7.15,4,112.95,68.28,1,18.17,4.12
HOSP1188,North,Diabetes,1864,7770,693.65,188,4954.79,16.57,27,47.97,7.64,0,15.81,6.39
HOSP1189,East,Respiratory,2745,7680,1008.29,94,2956.87,11.19,12,127.47,59.78,1,42.02,9.43
HOSP1190,South,Neurology,3816,9696,1259.3,204,8376.91,17.34,8,132.62,77.43,1,22.14,2.5
HOSP1191,Central,Cardiology,4705,382,271.2,54,8800.4,5.05,6,202.84,82.99,1,5.34,7.46
HOSP1192,West,Neurology,4581,7390,48.33,145,3184.2,12.55,15,184.14,17.88,1,0.65,7.79
HOSP1193,South,Diabetes,2393,6887,1173.07,96,12785.95,2.59,12,166.28,89.84,0,-16.98,1.8
HOSP1194,West,Neurology,4937,5765,922.35,25,1355.54,13.22,16,29.23,65.96,0,26.66,8.75
HOSP1195,East,Cardiology,2808,7441,1055.47,86,5405.79,15.49,16,180.43,88.3,1,-1.6,8.32
HOSP1196,East,Diabetes,1000,7851,1260.47,204,10237.73,12.11,27,125.58,49.04,0,-8.15,1.3
HOSP1197,North,Neurology,3184,5775,1208.16,249,4184.39,6.06,21,223.63,54.66,0,32.31,1.82
HOSP1198,Central,Respiratory,2109,1789,1442.16,18,12432.36,1.6,20,230.05,91.98,1,34.5,1.44
HOSP1199,West,Diabetes,341,9979,813.18,69,11124.03,3.27,20,14.73,90.09,0,40.17,4.01
HOSP1200,South,Diabetes,2485,9051,742.97,87,11856.44,12.82,28,205.34,45.37,0,20.29,5.58
HOSP1201,East,Respiratory,4368,359,614.79,86,1874.69,18.75,4,10.39,28.17,0,51.52,5.79
HOSP1202,North,Oncology,771,6755,247.46,80,2194.15,4.92,11,92.43,39.92,0,54.91,3.41
HOSP1203,North,Cardiology,263,9403,867.46,24,4368.46,14.97,13,136.03,39.39,1,44.59,9.2
HOSP1204,West,Oncology,564,8444,429.98,80,7819.35,17.46,29,37.88,29.4,1,30.85,4.31
HOSP1205,East,Neurology,3142,7046,1383.54,111,11245.44,10.9,9,186.83,27.59,0,4.3,1.41
HOSP1206,Central,Respiratory,4692,2507,883.12,235,12564.31,13.72,4,3.08,86.25,1,58.64,3.7
HOSP1207,East,Oncology,4895,1428,897.4,178,10594.6,16.49,12,42.98,7.92,1,1.93,5.78
HOSP1208,West,Diabetes,2542,7426,545.29,31,13936.09,5.95,9,145.62,68.08,1,-3.79,4.67
HOSP1209,West,Neurology,4898,5790,96.94,161,11107.28,6.64,13,178.88,18.11,0,15.37,3.46
HOSP1210,East,Neurology,2455,7119,66.98,122,4663.39,1.01,16,229.24,35.11,0,-15.45,2.18
HOSP1211,West,Oncology,4378,5785,646.54,238,4049.71,19.3,26,176.67,7.09,1,58.28,8.37
HOSP1212,East,Oncology,4824,9427,145.16,181,10473.27,18.43,6,168.27,27.73,1,27.07,9.97
HOSP1213,South,Respiratory,2657,6246,918.13,10,2973.77,15.53,10,99.19,77.07,0,24.56,3.97
HOSP1214,East,Cardiology,645,5145,1323.84,19,1481.45,2.5,13,1.32,88.62,1,32.46,4.43
HOSP1215,East,Oncology,4819,8127,1326.71,244,8030.12,9.5,7,30.92,22.93,0,19.76,6.56
HOSP1216,West,Oncology,3935,7216,995.39,217,12342.46,2.94,28,134.1,46.89,1,-17.43,7.47
HOSP1217,West,Diabetes,693,7958,332.62,119,1610.56,1.3,26,169.11,47.56,0,28.98,4.53
HOSP1218,North,Neurology,4939,5286,1297.24,209,11899.18,12.71,19,104.94,87.48,0,37.29,9.14
HOSP1219,North,Cardiology,3904,9656,1331.42,193,12192.42,19.26,24,182.94,76.52,0,13.34,6.04
HOSP1220,South,Diabetes,1559,7361,311.05,122,7285.88,18.15,19,130.94,51.79,0,40.58,5.05
HOSP1221,North,Respiratory,3593,2084,1111.39,226,953.92,14.24,17,19.47,67.4,1,-1.84,6.82
HOSP1222,East,Respiratory,2701,2009,444.05,59,2701.39,2.84,13,48.81,84.89,0,-2.3,9.58
HOSP1223,West,Oncology,2544,3367,1207.91,21,10640.65,6.21,13,210.16,1.94,1,-7.09,8.15
HOSP1224,North,Oncology,2772,6552,1495.91,98,10705.49,7.08,26,181.5,40.89,0,9.76,1.36
HOSP1225,North,Respiratory,4300,9209,64.44,218,13485.49,15.5,28,223.8,90.82,0,47.76,3.99
HOSP1226,South,Oncology,116,6256,1348.1,197,8782.02,16.24,21,30.27,74.29,1,46.23,5.23
HOSP1227,South,Cardiology,3291,2637,941.49,163,1949.2,8.32,2,247.57,54.74,1,10.63,3.83
HOSP1228,East,Oncology,492,6668,1460.61,247,1909.08,8.94,10,53.14,53.43,1,27.13,7.3
HOSP1229,West,Neurology,524,9280,708.21,121,10844.87,1.85,22,3.93,35.43,0,37.67,8.44
HOSP1230,South,Oncology,671,6151,1274.13,87,2838.39,6.49,13,249.36,52.53,0,-0.7,7.58
HOSP1231,North,Diabetes,3731,5476,112.34,178,4992.94,9.57,26,70.99,65.88,1,-6.55,9.9
HOSP1232,West,Cardiology,1220,9059,516.21,173,7359.46,3.22,9,167.34,42.42,0,57.77,3.45
HOSP1233,West,Diabetes,341,8018,119.18,130,469.0,9.61,1,44.99,71.7,1,29.4,8.87
HOSP1234,North,Diabetes,3997,4928,1463.51,32,3807.4,17.21,14,145.48,86.26,0,58.51,7.9
HOSP1235,South,Neurology,4195,2824,1229.12,180,6177.56,12.05,29,226.1,16.31,0,7.02,4.26
HOSP1236,North,Cardiology,2379,5938,1281.77,143,4266.58,2.5,16,80.73,45.7,0,36.24,7.61
HOSP1237,West,Cardiology,888,4432,1408.19,248,2131.92,4.64,20,167.89,41.39,1,-2.19,1.94
HOSP1238,Central,Cardiology,814,5993,145.95,206,10947.38,10.02,15,47.79,69.06,0,0.9,8.1
HOSP1239,Central,Cardiology,4954,4723,590.68,180,12215.9,7.87,1,156.57,25.74,1,20.95,5.79
HOSP1240,East,Cardiology,2949,5771,125.13,34,3936.44,7.82,17,84.78,64.38,1,5.57,3.63
HOSP1241,North,Neurology,875,9210,331.97,27,11638.85,11.06,24,53.59,87.87,0,-6.59,6.9
HOSP1242,North,Oncology,4126,9498,359.46,199,5844.75,12.1,13,78.98,42.4,1,1.03,6.77
HOSP1243,East,Diabetes,2347,2424,714.28,150,7649.62,16.14,27,45.53,91.19,1,-17.14,2.89
HOSP1244,East,Cardiology,178,8589,417.47,52,12854.42,7.48,15,225.58,99.32,0,36.35,1.27
HOSP1245,East,Oncology,4026,6291,169.45,87,11274.31,16.3,16,99.9,11.5,1,19.37,4.9
HOSP1246,West,Oncology,955,8862,267.89,37,12096.24,7.43,16,62.07,24.07,1,-12.46,6.13
HOSP1247,North,Diabetes,2248,6561,237.97,155,2138.99,2.05,2,112.65,95.09,0,-6.26,8.89
HOSP1248,West,Neurology,1131,2148,1460.15,68,1138.82,11.53,17,80.81,95.87,0,-11.8,9.35
HOSP1249,East,Respiratory,3371,7294,1143.75,197,13411.73,12.17,11,186.36,10.67,0,29.01,5.76
HOSP1250,North,Respiratory,3676,6518,1452.29,72,5878.73,18.76,8,242.83,2.48,1,-12.46,7.78
HOSP1251,West,Oncology,4282,3996,670.82,194,4389.41,14.8,20,110.07,16.95,1,40.34,4.95
HOSP1252,West,Diabetes,3556,434,431.99,101,10897.97,18.44,3,215.4,99.61,0,-18.36,7.71
HOSP1253,East,Respiratory,3606,9320,1201.47,188,12562.59,18.26,29,141.9,18.82,1,-0.05,2.84
HOSP1254,North,Oncology,507,3807,502.86,65,12951.1,12.49,12,40.15,50.75,0,51.25,4.34
HOSP1255,East,Neurology,2811,8243,463.09,164,4808.36,11.03,20,172.97,84.99,0,37.48,6.71
HOSP1256,North,Respiratory,3188,722,364.11,169,12797.96,11.59,16,128.85,3.02,0,-14.16,1.16
HOSP1257,Central,Oncology,1768,6104,211.92,120,709.92,19.59,14,163.0,60.84,1,45.69,7.5
HOSP1258,South,Oncology,247,5088,399.57,146,839.96,15.69,16,222.53,28.43,1,19.44,8.52
HOSP1259,South,Cardiology,4427,6032,545.87,241,9390.44,3.02,27,110.67,86.37,0,47.74,4.59
HOSP1260,South,Neurology,3997,7322,1017.51,233,1040.28,15.79,21,225.39,29.06,0,28.06,5.03
HOSP1261,East,Cardiology,2050,6042,112.6,221,4936.68,4.24,17,187.92,68.99,1,34.55,8.66
HOSP1262,Central,Diabetes,465,1516,331.55,229,10124.06,9.5,11,122.66,67.75,0,59.48,7.98
HOSP1263,North,Cardiology,1774,1324,1217.35,234,5125.28,5.0,17,151.2,22.93,1,-1.41,3.59
HOSP1264,West,Cardiology,4631,5821,237.44,77,2776.04,14.1,19,82.07,4.45,0,29.92,3.92
HOSP1265,North,Respiratory,4594,5623,527.11,55,4292.12,17.67,22,245.92,41.52,0,16.83,7.11
HOSP1266,West,Oncology,2646,2787,1299.7,235,6917.87,6.52,1,167.17,29.63,1,-16.84,6.07
HOSP1267,North,Neurology,662,9415,249.29,249,7183.25,2.56,27,11.92,81.09,1,-18.84,2.46
HOSP1268,Central,Cardiology,3662,5872,142.45,76,11766.7,6.67,12,82.33,80.24,1,-10.46,3.79
HOSP1269,West,Neurology,2589,1578,737.12,163,11277.28,13.77,15,156.21,46.25,1,31.93,9.1
HOSP1270,East,Cardiology,872,3574,467.58,145,6906.59,7.25,18,15.03,61.04,1,25.37,7.19
HOSP1271,North,Diabetes,2137,1719,853.84,15,12700.44,6.28,28,6.95,60.82,0,24.27,9.87
HOSP1272,North,Cardiology,3523,5977,1209.63,217,1802.13,4.5,23,113.06,82.89,0,-17.45,7.9
HOSP1273,West,Respiratory,2667,8135,222.98,33,3904.76,10.45,14,83.84,43.08,1,17.54,9.48
HOSP1274,East,Oncology,1673,6293,879.43,185,12436.85,6.24,1,110.14,28.27,1,53.97,2.95
HOSP1275,East,Diabetes,3794,8618,768.15,240,5732.11,14.89,13,66.41,27.24,0,11.81,7.94
HOSP1276,Central,Cardiology,3391,5555,233.24,103,14719.61,2.46,15,42.01,54.08,0,29.99,1.18
HOSP1277,East,Neurology,1346,5168,943.52,182,7047.17,13.62,7,172.6,45.47,1,42.39,7.04
HOSP1278,East,Diabetes,3819,9283,424.99,22,11899.84,5.51,15,129.13,44.57,1,42.71,5.22
HOSP1279,East,Diabetes,3939,5774,741.99,206,6094.37,10.3,20,50.84,10.02,0,21.54,4.12
HOSP1280,South,Cardiology,459,4272,141.76,34,6431.81,6.44,10,80.58,72.14,1,48.64,8.76
HOSP1281,Central,Diabetes,2476,2457,700.18,157,5804.96,14.73,14,148.36,22.16,0,11.31,8.69
HOSP1282,North,Neurology,3109,8788,473.57,127,10814.23,18.96,6,18.99,20.5,0,51.1,1.2
HOSP1283,West,Diabetes,3093,4624,1237.12,91,8258.02,18.42,14,37.72,41.86,1,-0.78,6.49
HOSP1284,North,Neurology,1062,3437,104.33,120,14162.29,12.09,24,19.24,23.55,0,2.42,4.31
HOSP1285,Central,Cardiology,3732,4093,639.54,91,3838.27,9.79,25,203.27,58.8,0,-15.75,4.74
HOSP1286,West,Oncology,1927,2205,698.48,75,1598.38,16.55,22,188.35,37.77,0,43.65,8.49
HOSP1287,Central,Diabetes,1713,2216,1093.01,211,5959.6,13.98,12,188.57,45.44,1,13.36,3.79
HOSP1288,East,Oncology,1740,9588,869.95,54,9289.02,4.49,11,179.37,54.18,0,-1.67,9.49
HOSP1289,West,Neurology,2316,1972,1007.47,123,12925.9,16.6,29,167.68,21.15,1,-1.46,2.62
HOSP1290,East,Diabetes,4412,8553,1170.03,184,5258.33,9.15,25,119.77,16.42,0,52.11,6.96
HOSP1291,North,Respiratory,477,4176,1296.06,72,9841.42,4.59,20,160.93,88.16,0,46.71,7.05
HOSP1292,North,Oncology,4314,1951,484.54,85,5317.96,6.35,22,10.55,43.94,0,24.28,3.27
HOSP1293,West,Diabetes,4385,9167,816.27,248,9296.57,6.08,24,155.74,41.8,0,29.29,3.92
HOSP1294,West,Oncology,469,7630,1263.36,214,13283.64,10.86,25,194.69,4.53,0,17.95,8.51
HOSP1295,Central,Diabetes,2296,7370,1484.39,123,3547.23,5.45,19,125.59,50.3,1,11.33,7.86
HOSP1296,Central,Cardiology,3847,6669,1336.49,120,6123.2,3.35,2,90.02,55.86,1,53.24,3.96
HOSP1297,East,Oncology,751,9331,569.77,192,14899.65,3.35,22,70.08,56.33,0,-9.95,5.81
HOSP1298,West,Respiratory,869,3420,308.85,212,13041.5,12.08,20,161.06,71.0,1,13.48,1.56
HOSP1299,North,Respiratory,2521,739,744.3,156,8513.13,14.96,1,173.51,18.57,1,7.56,2.88
HOSP1300,Central,Neurology,880,1661,1117.63,44,7797.75,7.11,8,217.87,25.97,0,19.85,5.37
HOSP1301,Central,Diabetes,1816,5384,749.0,240,4340.55,1.66,25,86.24,81.26,1,16.61,1.77
HOSP1302,North,Oncology,4083,8747,735.11,62,7806.42,3.42,14,192.67,94.77,1,21.51,8.59
HOSP1303,Central,Neurology,1411,434,1260.58,35,12737.9,18.38,9,140.78,14.46,1,-8.81,7.46
HOSP1304,East,Oncology,3459,1748,554.88,247,10309.1,10.38,2,220.83,50.27,1,21.05,9.49
HOSP1305,West,Diabetes,622,7680,1292.5,23,4421.66,9.62,25,132.43,22.2,0,-0.61,7.24
HOSP1306,North,Respiratory,621,4413,622.07,127,3101.81,1.72,23,129.89,6.95,1,-5.25,9.46
HOSP1307,West,Cardiology,4978,1873,505.78,54,4051.61,14.84,5,144.89,33.22,0,-14.81,5.99
HOSP1308,Central,Respiratory,2420,6908,691.91,181,2629.41,11.03,23,187.58,15.23,0,41.01,6.4
HOSP1309,Central,Neurology,1035,8182,1148.42,225,1525.05,4.84,29,241.21,71.28,1,14.2,9.79
HOSP1310,North,Cardiology,2330,2300,206.48,242,6345.13,3.09,25,19.32,53.84,0,30.13,6.78
HOSP1311,East,Neurology,4140,3948,310.7,202,1788.16,8.28,8,14.31,15.24,1,38.21,1.28
HOSP1312,South,Diabetes,4683,3373,1428.14,60,2661.5,16.91,16,234.45,1.91,0,34.35,7.51
HOSP1313,North,Cardiology,3797,2015,279.73,180,8255.14,17.44,22,132.94,81.01,1,17.64,9.15
HOSP1314,South,Neurology,2937,4041,860.24,128,2552.53,12.45,16,154.11,18.44,1,11.03,8.16
HOSP1315,South,Diabetes,4183,8216,877.39,223,1051.81,14.82,13,121.12,61.02,0,10.08,6.25
HOSP1316,East,Respiratory,2561,7211,744.64,160,4829.09,3.19,20,24.32,34.36,1,31.2,7.04
HOSP1317,South,Diabetes,3343,4693,974.22,193,3382.75,12.17,29,192.25,58.96,1,19.58,9.91
HOSP1318,South,Oncology,3459,874,360.14,28,7778.05,13.67,15,187.06,32.25,1,47.93,1.82
HOSP1319,East,Diabetes,785,8288,837.94,91,1625.27,4.81,1,78.61,9.61,1,49.98,7.01
HOSP1320,South,Diabetes,2260,8778,570.82,85,11301.38,17.72,22,77.25,23.07,0,-6.36,3.55
HOSP1321,South,Oncology,4088,2358,999.27,192,13602.88,4.7,3,209.62,19.62,0,-9.1,6.76
HOSP1322,South,Neurology,4166,2861,229.01,229,11177.18,6.96,6,19.02,43.37,0,30.43,6.47
HOSP1323,North,Neurology,1667,2264,864.9,101,8039.12,12.79,22,220.4,66.17,1,4.1,2.38
HOSP1324,North,Diabetes,138,3453,294.2,197,12923.95,13.13,14,64.91,27.12,0,-18.51,2.86
HOSP1325,North,Oncology,2644,5179,432.39,196,10454.28,14.29,4,148.65,2.19,1,51.09,6.59
HOSP1326,East,Oncology,4975,7903,343.69,42,257.21,3.13,18,234.06,52.37,1,-1.85,2.15
HOSP1327,Central,Respiratory,1356,9131,290.6,156,5971.94,17.14,15,169.85,60.97,1,54.34,3.39
HOSP1328,South,Neurology,3090,1601,1242.05,37,12779.18,11.12,9,104.19,96.32,0,37.39,8.52
HOSP1329,South,Cardiology,2296,3459,442.85,132,5253.3,9.96,18,172.69,59.36,0,41.01,3.94
HOSP1330,East,Neurology,3568,4123,1392.14,189,624.71,19.64,3,86.65,47.65,0,-3.88,5.39
HOSP1331,South,Neurology,2808,4414,1455.49,135,11218.08,15.07,10,70.04,57.77,0,-1.26,9.47
HOSP1332,North,Respiratory,401,3427,865.47,186,12050.37,3.24,17,249.17,92.86,1,21.7,3.04
HOSP1333,Central,Cardiology,746,2945,231.64,46,2492.85,15.37,7,187.95,83.01,0,-6.23,4.51
HOSP1334,West,Respiratory,4858,6291,574.33,163,8106.37,2.81,15,161.54,32.97,0,4.43,6.46
HOSP1335,South,Cardiology,1859,4066,1200.64,108,2960.14,1.52,1,89.47,24.49,0,5.72,7.8
HOSP1336,North,Diabetes,4451,6018,563.74,107,10816.59,8.67,27,13.24,27.0,0,-7.23,9.11
HOSP1337,West,Cardiology,697,2422,148.79,136,4146.1,19.88,25,8.73,50.94,1,-3.59,9.24
HOSP1338,Central,Respiratory,761,2992,844.04,236,4811.61,4.32,27,138.99,74.66,0,43.08,7.99
HOSP1339,West,Neurology,4430,4263,1270.78,177,12690.07,13.78,11,190.75,50.82,0,-6.62,3.05
HOSP1340,North,Cardiology,1468,1724,1197.97,89,7197.2,4.29,17,134.81,7.71,0,-17.72,1.22
HOSP1341,West,Cardiology,2681,8424,279.18,47,10079.34,14.77,5,210.36,72.63,1,30.35,4.45
HOSP1342,East,Oncology,3968,6398,1015.69,86,6095.36,10.6,7,9.32,80.79,0,58.08,2.27
HOSP1343,West,Neurology,3637,4225,346.35,135,4540.3,13.92,19,92.32,29.66,0,6.5,7.39
HOSP1344,South,Diabetes,4965,2766,342.95,96,9419.62,4.85,25,60.03,66.75,0,-10.51,6.95
HOSP1345,South,Respiratory,4408,3003,1313.63,63,2407.38,15.17,24,112.37,43.23,1,25.63,1.4
HOSP1346,East,Diabetes,4658,3909,389.51,159,5657.7,19.92,29,19.02,89.02,1,52.51,8.53
HOSP1347,North,Neurology,382,6355,409.61,25,3214.65,13.65,15,238.58,84.68,0,42.72,3.24
HOSP1348,South,Cardiology,3778,919,20.97,37,10467.35,10.38,3,56.59,53.02,0,29.8,4.89
HOSP1349,Central,Cardiology,1586,6716,1308.59,249,14168.71,18.54,15,230.65,69.46,1,5.2,7.01
HOSP1350,South,Neurology,4182,4779,1193.04,172,14933.11,1.3,5,107.05,88.45,1,23.35,4.86
HOSP1351,South,Cardiology,4283,1172,948.45,197,6809.12,14.87,23,246.4,50.08,1,-12.7,4.97
HOSP1352,North,Cardiology,560,3918,1130.39,182,3862.7,17.89,12,138.96,32.01,1,34.32,1.59
HOSP1353,West,Cardiology,2425,7595,245.03,55,6698.16,2.17,20,232.78,75.61,1,38.01,4.61
HOSP1354,South,Respiratory,3854,4602,698.32,81,12724.31,9.55,5,2.33,22.79,0,57.2,7.88
HOSP1355,East,Respiratory,2568,4752,539.8,245,3169.48,4.89,3,187.31,39.46,0,0.83,9.24
HOSP1356,West,Oncology,1824,2407,158.79,192,14286.23,11.76,9,225.86,86.71,0,-18.52,4.72
HOSP1357,Central,Diabetes,1476,4626,739.47,223,5193.8,13.34,26,35.79,72.72,0,23.65,4.81
HOSP1358,North,Neurology,2843,7119,1382.69,94,14788.47,6.75,9,24.94,40.98,1,36.54,7.32
HOSP1359,Central,Neurology,614,9035,79.29,35,12595.27,9.74,7,106.72,22.26,1,43.23,9.48
HOSP1360,West,Neurology,802,8586,451.36,241,12147.7,6.31,26,233.49,36.24,1,-4.5,3.4
HOSP1361,West,Oncology,1753,8880,327.16,94,4836.78,8.02,2,136.05,29.13,1,0.94,4.96
HOSP1362,West,Respiratory,2166,2404,372.46,162,230.78,4.03,23,132.34,18.43,1,21.01,8.16
HOSP1363,Central,Oncology,122,5545,1364.48,242,5793.78,17.83,23,36.14,74.59,0,6.45,6.49
HOSP1364,West,Neurology,2560,3476,712.74,74,4596.96,1.19,27,1.2,25.95,0,48.84,2.0
HOSP1365,Central,Diabetes,1404,1302,710.12,143,657.22,17.77,21,202.72,45.96,0,17.9,6.65
HOSP1366,West,Cardiology,3400,5443,1145.65,160,7629.94,11.86,16,22.81,39.2,0,43.97,2.68
HOSP1367,East,Respiratory,461,6814,248.65,124,6105.17,7.3,9,158.83,98.23,0,26.45,5.59
HOSP1368,West,Respiratory,3827,9633,741.15,73,9554.89,14.74,13,228.74,39.72,1,41.85,5.76
HOSP1369,Central,Oncology,1384,8907,656.38,96,9355.68,10.65,28,52.95,8.92,1,6.61,8.89
HOSP1370,South,Respiratory,614,5423,903.43,180,1899.12,10.48,27,166.65,9.89,1,46.51,5.16
HOSP1371,West,Neurology,548,8784,1499.35,116,14656.79,3.09,19,20.6,59.48,1,1.97,3.51
HOSP1372,South,Neurology,1955,830,1158.78,160,2885.28,8.4,20,151.34,60.34,1,23.69,3.08
HOSP1373,East,Oncology,3662,9371,608.84,105,6734.58,5.58,17,41.82,42.46,0,-2.88,8.87
HOSP1374,North,Neurology,2620,6883,1244.78,167,7372.95,1.3,6,184.25,43.75,0,18.04,2.54
HOSP1375,East,Diabetes,3181,477,272.65,86,12214.64,7.84,4,76.01,6.34,0,5.45,4.83
HOSP1376,West,Oncology,1528,432,65.09,244,1578.52,2.71,1,116.38,52.14,1,1.34,2.68
HOSP1377,South,Diabetes,4067,9944,322.58,155,6486.8,5.88,18,150.26,50.97,1,57.36,7.96
HOSP1378,South,Cardiology,1022,5890,523.81,96,9464.68,2.76,19,43.65,15.81,1,-7.19,5.27
HOSP1379,Central,Diabetes,3237,7859,775.66,216,3305.82,2.92,9,185.67,11.28,1,42.99,4.16
HOSP1380,South,Cardiology,2259,225,930.39,234,9449.27,4.78,13,76.36,13.23,0,58.73,4.25
HOSP1381,Central,Cardiology,2647,7668,1367.7,158,13862.61,20.0,8,165.93,11.0,1,-18.41,8.67
HOSP1382,North,Diabetes,3079,6610,774.58,66,14963.02,1.04,23,40.41,61.36,0,35.92,5.98
HOSP1383,West,Oncology,2381,8852,761.89,112,583.52,13.13,13,172.34,20.45,1,0.23,7.46
HOSP1384,Central,Neurology,2749,3964,94.36,160,3610.26,3.68,15,32.92,25.89,0,-16.76,9.07
HOSP1385,North,Neurology,413,6799,71.67,100,4723.58,18.49,11,106.91,18.18,1,12.23,9.12
HOSP1386,South,Cardiology,2713,5302,835.72,54,6046.98,2.78,12,62.55,95.83,1,54.82,3.96
HOSP1387,South,Cardiology,3183,7206,668.5,181,3709.63,19.15,14,187.35,85.61,0,-19.06,9.57
HOSP1388,North,Oncology,2356,3683,1261.99,219,3131.97,12.61,4,66.25,23.82,0,27.03,1.22
HOSP1389,South,Respiratory,1137,2194,257.81,97,14322.85,1.02,1,220.55,33.43,1,20.11,4.39
HOSP1390,North,Diabetes,3589,8882,56.96,124,13785.97,17.99,24,223.06,21.78,0,49.87,9.06
HOSP1391,Central,Cardiology,2734,1272,684.58,56,800.19,10.91,4,49.91,49.7,1,-13.28,3.47
HOSP1392,Central,Neurology,4083,6907,371.47,177,5148.31,5.99,19,153.85,2.94,1,34.52,3.46
HOSP1393,North,Oncology,1878,415,93.43,188,6136.71,15.58,9,22.84,67.47,0,34.41,3.72
HOSP1394,Central,Diabetes,3995,7805,1092.41,179,3661.32,18.61,10,98.49,52.79,1,33.53,6.51
HOSP1395,Central,Oncology,1224,9984,185.16,144,9470.21,10.19,4,178.62,89.97,1,55.39,4.94
HOSP1396,Central,Diabetes,797,2806,920.31,59,9641.67,7.0,20,165.2,17.27,0,45.85,7.54
HOSP1397,East,Diabetes,2279,8550,435.95,185,12772.51,15.99,9,156.55,80.61,1,-16.64,9.05
HOSP1398,West,Cardiology,1504,4981,276.77,93,11138.95,13.95,13,71.35,79.4,1,17.69,7.07
HOSP1399,South,Oncology,1143,3513,582.03,100,8184.34,17.89,12,95.13,13.59,1,11.84,2.84
HOSP1400,East,Oncology,2029,7963,1206.14,143,9838.44,14.16,11,26.63,40.46,1,4.81,9.39
HOSP1401,Central,Neurology,1113,6139,600.3,100,4182.43,5.63,12,180.04,17.85,0,16.11,3.38
HOSP1402,North,Neurology,326,2495,1131.14,146,8936.54,18.7,18,126.47,26.22,0,10.74,2.35
HOSP1403,Central,Cardiology,1928,5885,205.72,118,7389.49,2.99,12,177.48,27.06,0,14.59,1.81
HOSP1404,West,Cardiology,2123,1896,1163.7,66,2086.83,6.09,16,62.99,56.07,1,58.34,6.07
HOSP1405,Central,Respiratory,2552,2146,370.66,40,3713.91,10.88,5,81.79,41.73,0,-12.91,2.02
HOSP1406,North,Neurology,2185,2983,1022.54,30,4446.23,11.75,20,84.22,94.83,0,53.78,2.25
HOSP1407,West,Diabetes,4383,3844,857.36,99,13872.21,1.29,25,7.41,13.51,0,18.42,3.7
HOSP1408,Central,Oncology,1180,5441,1395.13,49,3532.76,15.83,12,85.92,97.4,1,29.9,3.53
HOSP1409,West,Cardiology,2420,6620,593.24,121,4409.73,7.87,21,201.02,23.83,0,46.41,6.44
HOSP1410,South,Oncology,3290,7757,117.92,54,5603.38,8.72,25,224.43,77.51,0,8.84,8.35
HOSP1411,South,Oncology,2730,2845,48.35,86,9989.77,16.38,11,130.04,34.56,1,14.43,7.85
HOSP1412,Central,Respiratory,2663,6789,1243.75,186,1861.75,8.21,9,114.42,15.17,1,12.76,3.36
HOSP1413,West,Neurology,3392,6553,796.61,96,14313.78,1.9,18,8.68,85.93,1,9.98,3.21
HOSP1414,North,Cardiology,4721,2132,1167.36,157,12997.01,4.35,25,219.92,31.58,1,54.04,9.69
HOSP1415,Central,Oncology,3686,1957,366.95,110,8700.52,19.16,3,4.24,66.23,1,46.31,1.07
HOSP1416,South,Cardiology,4531,5285,530.72,126,10143.16,2.34,20,236.24,57.08,1,-11.28,8.92
HOSP1417,South,Diabetes,3047,5837,64.55,101,348.24,7.74,17,122.81,47.7,0,-11.35,2.8
HOSP1418,Central,Respiratory,4059,1316,1443.01,154,5150.28,10.56,14,86.14,50.09,0,14.23,9.53
HOSP1419,West,Diabetes,2913,692,1008.44,37,11955.34,10.37,1,231.13,73.49,1,-12.11,4.08
HOSP1420,South,Cardiology,2683,9011,1401.14,178,1254.5,1.08,17,7.07,9.69,1,29.53,4.96
HOSP1421,West,Cardiology,261,8088,412.93,203,4306.48,10.52,25,145.77,67.15,0,-8.5,7.36
HOSP1422,South,Neurology,693,6674,924.97,34,8820.92,8.29,27,137.68,89.69,1,21.79,6.29
HOSP1423,South,Oncology,3359,9938,1024.18,67,3920.55,19.47,8,55.61,6.72,1,-19.42,3.86
HOSP1424,East,Oncology,4255,5158,489.97,50,14016.27,4.02,5,107.79,14.92,0,5.33,5.98
HOSP1425,South,Diabetes,3062,9997,1275.2,143,2052.77,7.73,5,163.41,71.95,1,34.18,7.58
HOSP1426,North,Respiratory,3988,9667,1421.8,84,11981.18,8.97,9,182.06,44.29,1,18.72,1.38
HOSP1427,Central,Oncology,3490,2943,1329.59,47,7668.44,8.42,3,1.18,40.95,0,58.26,1.1
HOSP1428,Central,Neurology,4601,8066,1113.82,143,11279.93,13.65,19,234.28,14.56,0,49.93,5.12
HOSP1429,West,Diabetes,763,7360,430.65,182,4729.66,5.09,23,41.97,51.17,0,8.73,2.19
HOSP1430,South,Diabetes,1232,5651,436.79,84,7765.9,5.2,9,59.16,13.53,0,-16.36,6.98
HOSP1431,North,Neurology,641,5458,1445.77,151,12866.85,14.86,22,66.6,48.19,0,47.65,2.93
HOSP1432,West,Respiratory,3074,8748,35.22,75,7056.48,10.51,18,10.42,76.6,1,52.9,4.9
HOSP1433,East,Neurology,967,7386,1079.75,177,5459.83,8.89,16,31.64,26.57,1,45.65,2.78
HOSP1434,West,Respiratory,2166,6302,1065.24,12,8088.72,4.21,1,246.6,48.6,1,-9.76,5.94
HOSP1435,West,Neurology,531,9261,941.58,126,10788.71,4.56,2,79.49,99.21,1,59.83,2.04
HOSP1436,South,Neurology,4935,9277,1485.36,108,6709.09,1.2,14,29.71,68.98,1,0.69,1.21
HOSP1437,East,Cardiology,4378,9675,481.58,234,14089.27,2.74,14,27.64,84.29,0,37.94,1.46
HOSP1438,West,Diabetes,1306,819,523.16,161,4494.69,11.58,1,180.15,42.07,1,52.64,9.59
HOSP1439,North,Neurology,2628,1082,136.83,28,7184.41,17.95,26,213.79,77.02,1,-1.15,2.28
HOSP1440,North,Neurology,1269,9188,675.34,155,11378.22,6.46,26,64.98,5.01,1,52.66,7.38
HOSP1441,Central,Oncology,930,3842,406.35,201,10367.9,7.23,25,6.21,13.17,1,4.76,1.61
HOSP1442,East,Diabetes,1751,1496,528.21,125,12968.25,3.2,16,56.55,21.1,1,58.11,1.97
HOSP1443,East,Oncology,1236,8636,1255.17,134,14952.46,8.38,15,15.07,40.79,0,2.5,5.58
HOSP1444,Central,Diabetes,2910,3095,1404.52,97,6460.19,1.71,26,26.75,84.73,1,56.27,5.18
HOSP1445,West,Oncology,575,6793,294.88,246,1756.15,18.43,15,108.45,35.28,1,-15.72,9.56
HOSP1446,East,Neurology,2910,1129,571.31,44,553.2,13.79,12,58.25,65.81,1,36.74,9.5
HOSP1447,North,Neurology,1426,5566,1394.37,199,10930.47,19.82,16,129.47,71.22,1,22.57,8.02
HOSP1448,North,Cardiology,1119,8911,111.48,10,13122.8,17.77,14,64.12,59.03,1,18.23,6.42
HOSP1449,South,Oncology,1936,3412,156.69,237,3388.62,9.99,29,235.19,36.37,1,-2.12,5.09
HOSP1450,East,Respiratory,4356,2609,260.93,162,2460.88,10.87,24,226.58,58.13,0,36.45,4.21
HOSP1451,West,Cardiology,2548,8399,900.91,182,1026.86,4.62,15,142.13,34.88,1,-4.74,9.52
HOSP1452,Central,Oncology,4393,3623,242.7,186,12358.27,9.78,23,89.25,9.3,0,24.23,6.43
HOSP1453,Central,Oncology,1383,7176,1452.75,135,4739.59,18.16,15,95.91,99.29,0,0.26,6.21
HOSP1454,West,Cardiology,759,7794,681.14,244,6085.28,1.97,19,103.55,13.59,1,56.45,3.09
HOSP1455,South,Neurology,2110,5358,762.25,235,7590.98,17.41,8,182.17,8.16,1,-17.71,1.42
HOSP1456,Central,Oncology,498,3867,385.05,98,12607.85,7.48,2,113.46,87.97,1,-4.02,9.51
HOSP1457,East,Neurology,1833,6173,717.02,153,9797.42,18.09,2,214.33,30.88,0,-0.62,3.82
HOSP1458,South,Cardiology,2225,6436,999.63,235,9264.46,18.88,27,236.08,65.38,1,13.13,4.98
HOSP1459,East,Neurology,2271,8477,1131.74,230,2717.51,13.75,10,84.65,33.57,1,-1.38,2.03
HOSP1460,North,Diabetes,174,2668,1135.72,156,7746.53,13.62,3,140.61,39.75,1,19.31,8.53
HOSP1461,South,Respiratory,4797,6417,875.28,160,10759.18,9.6,23,24.67,26.95,0,49.8,1.25
HOSP1462,Central,Oncology,3571,3819,1358.45,220,14601.59,16.88,17,50.92,34.96,0,36.97,8.51
HOSP1463,South,Respiratory,936,1836,1229.76,34,3100.95,19.27,8,103.95,41.66,1,26.4,2.26
HOSP1464,South,Neurology,599,8355,1140.43,25,242.2,15.73,28,52.34,72.32,0,-12.88,8.98
HOSP1465,South,Oncology,237,3783,102.3,191,1221.99,12.82,23,219.26,51.64,1,35.52,7.57
HOSP1466,South,Neurology,2197,4209,30.18,82,5700.2,12.53,4,40.41,94.41,0,-6.69,2.48
HOSP1467,East,Diabetes,3796,3526,334.42,138,12326.12,17.14,14,114.46,5.15,1,42.91,6.09
HOSP1468,North,Cardiology,1985,8348,1002.01,51,206.42,11.28,21,151.82,50.8,0,0.0,3.81
HOSP1469,West,Oncology,2857,2417,628.57,156,6905.29,16.27,10,173.27,58.84,1,13.36,2.6
HOSP1470,South,Diabetes,4020,5167,615.56,234,5005.54,10.67,29,96.38,92.1,1,8.04,8.73
HOSP1471,Central,Diabetes,2000,2569,1329.19,171,881.98,2.19,1,217.41,5.87,0,48.71,4.63
HOSP1472,South,Oncology,2710,3838,1345.43,89,6808.52,8.29,4,142.51,57.78,0,-9.88,4.59
HOSP1473,Central,Neurology,4086,9335,1365.58,245,3895.76,9.44,1,110.44,85.51,0,25.25,2.53
HOSP1474,East,Diabetes,1549,5922,484.54,113,5343.08,3.69,17,17.74,24.95,0,-8.64,4.45
HOSP1475,Central,Respiratory,646,4644,1042.76,192,10613.67,2.95,26,116.71,87.75,0,36.38,8.84
HOSP1476,West,Diabetes,4776,7818,422.02,155,7871.11,11.17,17,205.36,2.89,1,52.41,4.27
HOSP1477,North,Neurology,2103,4147,302.1,43,1957.25,2.62,7,154.02,73.51,1,14.77,9.56
HOSP1478,Central,Neurology,2196,1876,293.26,98,14425.08,6.76,23,208.21,93.38,0,19.05,9.52
HOSP1479,Central,Respiratory,803,1396,526.32,134,9575.07,15.15,20,124.01,66.06,1,54.19,2.3
HOSP1480,North,Diabetes,2503,2987,656.34,54,11511.44,19.32,15,30.5,44.46,1,21.68,2.6
HOSP1481,West,Neurology,1725,7632,1249.8,143,1280.28,14.64,13,4.4,5.44,0,19.01,8.76
HOSP1482,South,Oncology,3431,9853,197.44,30,801.17,19.86,28,76.5,92.09,1,26.27,4.53
HOSP1483,Central,Cardiology,4833,8127,1107.69,131,389.78,14.27,2,174.8,47.56,1,35.14,1.04
HOSP1484,North,Cardiology,3078,3518,806.55,79,2913.03,6.58,28,197.77,3.87,0,-11.45,3.46
HOSP1485,East,Cardiology,4836,9058,446.16,105,6274.69,13.77,19,74.64,69.29,0,45.69,6.38
HOSP1486,North,Diabetes,2939,6889,749.37,114,14043.81,14.34,24,124.42,48.7,1,14.84,8.19
HOSP1487,East,Respiratory,3484,2376,463.91,57,6910.19,8.06,13,105.86,13.31,0,-14.21,2.2
HOSP1488,West,Neurology,2759,3943,902.2,244,4424.8,1.34,24,103.22,22.21,1,42.89,1.99
HOSP1489,South,Oncology,1961,8992,662.09,48,8472.84,14.36,11,58.61,7.38,0,10.16,9.3
HOSP1490,North,Oncology,2956,4622,263.32,40,1767.83,1.41,27,34.96,57.86,0,-11.97,7.76
HOSP1491,Central,Diabetes,785,4024,192.54,243,9181.64,12.99,22,49.98,62.58,0,30.7,6.31
HOSP1492,West,Cardiology,4383,9371,829.11,19,8569.64,4.11,15,14.78,51.07,0,50.41,7.92
HOSP1493,North,Diabetes,1719,2651,1355.57,39,11900.7,11.75,10,50.33,81.89,1,51.02,4.86
HOSP1494,Central,Respiratory,4743,828,529.06,27,14801.65,10.57,9,3.29,86.24,0,56.61,7.83
HOSP1495,North,Respiratory,1531,7978,1104.84,197,3838.01,1.26,27,157.19,61.95,0,49.42,4.35
HOSP1496,East,Neurology,975,3896,994.82,97,7693.88,7.89,28,79.78,2.26,1,-19.83,3.2
HOSP1497,North,Neurology,4813,3874,1398.7,134,13642.09,12.42,9,243.31,69.83,1,10.42,7.56
HOSP1498,North,Respiratory,2561,4129,1235.05,82,11799.33,17.12,20,49.24,42.38,1,45.48,4.78
HOSP1499,North,Respiratory,1465,2965,858.58,232,7362.35,17.88,28,87.11,56.99,1,9.3,9.83
HOSP1500,West,Respiratory,1343,4569,992.41,24,14186.04,10.19,1,90.1,65.26,0,28.12,4.15
HOSP1501,North,Diabetes,262,8507,1349.61,13,952.83,14.84,17,3.1,35.67,1,28.51,9.3
HOSP1502,Central,Respiratory,2074,5156,611.29,200,13971.88,7.01,12,209.96,91.79,0,9.2,9.4
HOSP1503,East,Oncology,3391,892,503.66,177,852.56,7.5,10,8.97,14.26,1,52.36,3.18
HOSP1504,East,Cardiology,369,3362,36.0,18,8254.84,4.69,5,235.1,67.48,0,20.26,8.18
HOSP1505,North,Respiratory,731,1305,1243.3,118,13367.57,11.68,29,223.13,1.43,1,17.18,4.9
HOSP1506,West,Cardiology,1005,3208,1205.45,146,4014.54,6.98,18,134.34,92.54,0,59.8,9.26
HOSP1507,West,Diabetes,3571,2361,174.59,163,7136.5,2.6,15,136.36,12.14,0,19.48,5.05
HOSP1508,Central,Cardiology,3353,8545,873.75,141,4932.5,14.02,6,163.79,10.39,1,-5.73,7.7
HOSP1509,North,Diabetes,2114,3899,706.69,218,14286.94,14.45,7,97.38,33.97,0,21.05,5.2
HOSP1510,East,Oncology,1741,3986,195.69,25,12372.32,7.84,17,162.16,37.98,0,45.12,3.05
HOSP1511,West,Diabetes,304,9456,1471.24,152,10664.12,2.46,6,12.15,22.22,0,42.15,2.79
HOSP1512,North,Diabetes,681,4400,337.75,108,8855.64,9.1,8,14.46,58.93,0,43.09,4.83
HOSP1513,West,Neurology,940,2113,119.51,130,12326.82,9.4,12,114.85,44.85,1,36.64,7.8
HOSP1514,West,Respiratory,1819,9608,900.37,61,5944.78,13.7,21,137.86,4.38,0,0.34,6.45
HOSP1515,East,Respiratory,2743,5720,1113.52,78,6768.52,6.99,14,222.07,32.65,0,48.97,7.2
HOSP1516,South,Oncology,2397,1972,68.02,14,10977.03,13.97,12,27.06,81.23,1,51.48,3.54
HOSP1517,Central,Oncology,974,2980,994.9,29,5430.55,17.56,23,205.84,69.28,1,-4.47,5.33
HOSP1518,Central,Respiratory,789,7623,807.79,88,1052.12,5.51,10,53.3,72.76,1,-9.56,1.4
HOSP1519,East,Neurology,4100,3071,172.83,155,1207.59,19.6,22,99.13,70.11,0,58.05,8.36
HOSP1520,West,Respiratory,3241,860,275.34,120,1818.91,8.34,20,79.83,31.79,0,49.47,9.91
HOSP1521,North,Neurology,1522,6442,860.6,11,13058.25,6.08,15,100.64,10.87,1,51.46,4.66
HOSP1522,West,Oncology,771,1332,458.61,102,7136.17,9.01,7,38.47,27.97,0,50.91,1.1
HOSP1523,East,Cardiology,1271,899,1408.71,22,10721.95,2.79,26,126.39,83.35,1,23.33,2.53
HOSP1524,Central,Oncology,3826,7670,1231.74,13,5954.35,3.39,9,200.61,98.07,0,31.71,6.87
HOSP1525,West,Oncology,1043,6497,1475.68,179,3954.79,8.87,10,110.94,49.89,1,23.63,6.51
HOSP1526,Central,Diabetes,1549,8012,404.31,118,5273.16,15.49,10,123.16,1.96,0,-15.9,8.09
HOSP1527,North,Diabetes,3837,4757,1455.19,83,11933.32,18.11,16,212.34,14.86,1,39.64,3.28
HOSP1528,Central,Diabetes,2639,2379,658.23,198,9415.72,13.63,29,176.81,32.89,0,20.43,7.87
HOSP1529,Central,Diabetes,4059,9265,534.33,104,14070.83,3.0,7,123.12,58.28,1,31.82,7.19
HOSP1530,South,Neurology,4360,8475,94.52,114,10227.6,13.77,28,65.17,8.43,0,20.21,3.91
HOSP1531,South,Respiratory,2461,1622,98.09,17,8595.71,13.07,5,221.35,94.39,0,19.34,5.91
HOSP1532,South,Cardiology,3752,3380,1044.18,76,9191.92,16.31,23,144.68,37.14,0,-6.26,2.33
HOSP1533,Central,Oncology,3770,4516,697.73,249,14141.33,16.68,3,56.07,91.35,1,2.3,5.07
HOSP1534,East,Neurology,1853,6896,355.25,200,11844.19,17.5,18,68.01,78.27,0,-7.29,8.93
HOSP1535,Central,Cardiology,2452,9783,928.68,119,458.21,8.87,11,200.98,75.79,0,-4.35,4.79
HOSP1536,East,Neurology,2038,814,394.23,18,8058.68,14.26,15,11.99,61.07,0,57.84,8.56
HOSP1537,East,Neurology,470,4770,874.89,231,10356.24,6.1,21,248.03,63.05,1,-7.75,6.31
HOSP1538,South,Oncology,4579,470,551.63,126,11255.61,19.99,20,33.46,64.16,0,1.54,2.73
HOSP1539,West,Respiratory,2031,2668,1238.86,20,3275.82,4.33,5,199.22,63.24,1,27.25,6.23
HOSP1540,North,Diabetes,524,9782,1234.63,108,13020.94,1.19,24,99.3,55.82,0,28.81,5.55
HOSP1541,South,Respiratory,4824,3807,726.48,238,14342.06,3.83,12,123.56,98.65,1,-7.68,4.59
HOSP1542,South,Oncology,994,3275,539.21,51,3627.06,15.74,4,220.28,73.5,1,43.5,2.08
HOSP1543,West,Oncology,697,489,556.59,150,13250.97,9.49,15,103.81,77.92,0,42.82,4.75
HOSP1544,North,Oncology,3162,8320,1212.46,173,1544.98,9.5,9,134.84,87.37,1,-1.01,1.65
HOSP1545,Central,Cardiology,2436,6814,505.71,129,930.03,19.15,7,13.28,22.35,1,3.09,1.89
HOSP1546,Central,Respiratory,4788,3452,329.41,150,2025.43,18.47,10,1.58,9.3,0,55.04,4.74
HOSP1547,South,Respiratory,1787,7615,145.34,21,960.34,6.91,29,61.96,48.81,1,46.05,3.75
HOSP1548,North,Neurology,672,6971,710.71,46,12690.68,4.97,28,170.47,51.89,1,35.82,9.33
HOSP1549,South,Neurology,2190,478,733.56,83,979.85,17.12,23,31.19,83.09,1,-13.42,4.38
HOSP1550,East,Neurology,3769,780,1264.54,82,4147.8,18.21,13,29.33,44.93,1,13.46,7.82
HOSP1551,South,Oncology,4372,5158,347.43,61,1645.97,11.29,29,103.33,57.51,0,24.74,5.77
HOSP1552,South,Respiratory,4724,8645,583.87,208,4501.79,12.96,8,162.31,53.18,1,-5.01,7.34
HOSP1553,Central,Oncology,1733,4476,1216.44,139,1449.34,5.88,12,178.31,4.78,1,15.86,3.34
HOSP1554,Central,Cardiology,1617,8197,1238.96,65,10053.25,16.22,22,45.43,61.91,0,28.08,9.48
HOSP1555,Central,Neurology,4393,4976,589.22,69,2086.57,13.01,24,20.82,82.98,0,6.19,5.77
HOSP1556,East,Oncology,2757,1024,699.5,32,12792.5,10.57,19,235.16,16.59,1,42.48,8.48
HOSP1557,Central,Oncology,3748,4032,468.86,112,12276.15,2.14,26,65.91,59.84,0,47.24,4.29
HOSP1558,North,Cardiology,3688,9091,1400.18,49,303.56,18.4,26,213.48,59.77,0,5.89,1.9
HOSP1559,West,Diabetes,1637,5645,195.59,73,13446.32,12.69,1,216.01,17.25,0,47.09,7.06
HOSP1560,North,Respiratory,3237,1580,1401.95,240,531.27,4.66,16,193.36,13.22,0,-11.71,1.07
HOSP1561,North,Diabetes,197,6734,1032.12,94,3670.72,12.52,22,43.04,98.03,0,47.02,5.28
HOSP1562,Central,Neurology,3315,3356,806.73,160,582.6,13.87,17,205.63,39.98,0,-7.78,2.74
HOSP1563,West,Oncology,4630,4507,68.34,166,5104.07,10.99,25,192.54,23.51,0,-13.37,6.65
HOSP1564,West,Cardiology,4832,5834,723.88,215,7756.61,14.64,18,149.58,17.96,0,31.34,9.81
HOSP1565,West,Cardiology,3850,8775,623.47,227,11970.01,12.05,11,84.96,67.09,0,17.75,5.18
HOSP1566,East,Respiratory,3257,6010,258.6,188,5135.93,19.01,18,66.36,61.34,1,52.63,8.36
HOSP1567,Central,Diabetes,4783,8733,991.49,206,10611.8,2.02,7,31.35,64.71,1,9.06,5.57
HOSP1568,West,Respiratory,443,6134,1457.3,232,2893.82,3.02,18,127.93,9.71,1,2.97,5.46
HOSP1569,East,Oncology,4766,3309,852.04,98,11283.92,4.3,26,146.73,89.46,1,20.06,9.37
HOSP1570,South,Respiratory,710,4282,1077.83,40,3616.35,14.11,8,90.48,39.54,1,16.48,9.01
HOSP1571,South,Cardiology,1827,3440,121.31,187,2238.82,13.27,6,119.36,32.02,0,7.55,8.07
HOSP1572,East,Cardiology,2390,6228,638.15,29,2862.59,17.95,7,91.52,46.77,0,35.5,3.67
HOSP1573,East,Neurology,1954,2049,192.21,245,2812.74,14.92,23,160.61,39.62,1,40.76,5.91
HOSP1574,Central,Neurology,2708,8697,926.94,192,7741.66,10.66,22,225.41,86.49,1,48.24,3.02
HOSP1575,Central,Oncology,2179,2949,1408.95,218,12687.48,19.84,10,41.82,93.0,0,57.83,5.0
HOSP1576,South,Diabetes,2424,6880,999.43,246,1286.12,6.06,11,95.97,31.04,1,1.33,5.36
HOSP1577,West,Respiratory,4727,9527,133.67,139,10633.65,16.83,25,36.08,86.53,0,37.29,8.48
HOSP1578,South,Oncology,1277,405,544.91,162,9849.76,9.11,13,156.61,78.37,1,11.54,9.06
HOSP1579,West,Neurology,1191,7552,834.98,22,13100.55,13.33,9,182.49,93.15,0,34.17,4.73
HOSP1580,West,Respiratory,2891,4791,616.75,131,3737.8,14.82,7,233.05,25.33,1,18.08,1.16
HOSP1581,Central,Neurology,1849,3650,1253.79,112,6806.64,13.04,9,70.44,58.12,0,59.5,8.76
HOSP1582,North,Respiratory,2775,7414,1225.71,229,13894.83,3.67,13,237.6,28.18,1,38.31,2.57
HOSP1583,North,Diabetes,881,4011,925.51,115,9933.9,9.42,26,16.75,82.59,1,56.2,6.6
HOSP1584,East,Oncology,3148,5341,572.72,128,5892.65,11.67,3,151.15,1.53,0,46.8,1.22
HOSP1585,Central,Respiratory,2205,8701,397.9,79,2058.04,17.13,3,15.23,56.92,0,52.23,4.6
HOSP1586,West,Cardiology,3967,2908,176.69,204,4011.03,9.43,1,223.55,34.58,1,45.15,9.87
HOSP1587,North,Cardiology,4642,2191,545.25,195,8760.11,18.46,21,132.92,32.95,1,16.73,1.91
HOSP1588,West,Respiratory,2213,8663,631.5,108,10800.7,9.37,20,167.67,64.85,0,0.14,4.81
HOSP1589,North,Respiratory,4070,3473,1020.22,91,1953.89,11.43,2,208.06,85.3,0,9.63,3.76
HOSP1590,North,Respiratory,2091,4738,994.08,84,9034.0,16.13,25,38.43,61.31,0,-18.38,9.15
HOSP1591,North,Cardiology,1167,8912,123.76,127,8300.23,12.08,3,10.61,85.46,1,21.92,8.82
HOSP1592,Central,Cardiology,1677,9368,604.98,93,7757.94,19.24,15,219.84,27.2,1,20.4,3.14
HOSP1593,South,Respiratory,1111,3922,289.03,201,10382.83,13.55,24,79.42,52.43,0,22.02,1.73
HOSP1594,West,Neurology,2374,3751,252.08,78,12578.0,10.93,6,33.12,45.6,1,57.92,6.64
HOSP1595,Central,Neurology,4969,3032,1244.41,220,4912.55,1.45,13,117.65,2.15,1,52.92,4.03
HOSP1596,Central,Diabetes,1914,5879,82.03,223,13346.28,8.86,21,149.98,56.12,0,-7.06,7.05
HOSP1597,Central,Oncology,2526,6779,640.39,68,2493.44,6.69,1,8.71,66.49,1,9.51,1.29
HOSP1598,Central,Neurology,4502,352,268.94,197,2678.06,15.21,20,69.45,59.6,0,13.92,2.2
HOSP1599,Central,Cardiology,4974,5954,1321.41,220,4074.9,4.96,19,9.17,73.89,0,8.84,7.18
HOSP1600,East,Neurology,2651,3000,844.42,135,1881.01,4.9,1,105.66,57.56,1,43.88,2.91
HOSP1601,West,Diabetes,3757,5510,362.44,120,3531.76,4.6,28,223.88,7.61,1,21.92,8.72
HOSP1602,Central,Diabetes,107,2810,763.59,71,1685.54,3.39,21,245.68,12.53,0,25.77,1.53
HOSP1603,West,Oncology,2655,1304,1102.6,153,12344.11,6.91,22,159.62,60.05,0,48.24,2.94
HOSP1604,East,Neurology,575,7561,1438.01,137,2170.64,17.83,2,41.25,28.22,0,44.47,9.99
HOSP1605,East,Cardiology,2311,4399,346.26,225,11234.73,15.72,15,226.56,8.88,1,-9.42,4.9
HOSP1606,West,Cardiology,584,4054,1331.55,114,813.92,14.97,14,129.55,43.53,0,37.11,7.33
HOSP1607,North,Respiratory,4754,7463,1402.77,77,14232.95,16.15,19,39.28,55.88,0,14.83,2.64
HOSP1608,South,Cardiology,2385,2114,1376.3,24,10696.29,6.12,11,230.51,33.55,0,3.57,6.49
HOSP1609,North,Oncology,4663,7565,960.41,226,201.27,17.86,15,189.61,72.32,0,-16.0,7.53
HOSP1610,North,Oncology,3625,3272,952.13,245,11481.46,3.61,6,183.19,64.73,1,18.98,3.83
HOSP1611,North,Cardiology,3439,9398,616.75,192,7759.82,7.39,20,177.59,33.95,1,8.43,8.46
HOSP1612,Central,Cardiology,2922,606,1133.55,44,11712.54,12.15,9,50.88,75.73,0,0.12,6.43
HOSP1613,East,Respiratory,3024,366,806.32,192,7885.2,2.96,5,53.54,65.22,1,35.57,4.5
HOSP1614,North,Cardiology,358,708,1022.61,23,9651.27,14.87,20,172.38,64.11,1,41.56,6.02
HOSP1615,East,Respiratory,382,1861,654.12,186,11816.34,8.36,2,55.71,55.79,1,-0.42,6.19
HOSP1616,West,Respiratory,1998,3864,1102.61,220,6136.11,15.9,6,110.23,2.13,0,-16.04,2.49
HOSP1617,South,Cardiology,4235,3689,1240.22,111,140.35,10.37,26,195.72,69.95,1,47.9,4.62
HOSP1618,West,Diabetes,3076,880,236.73,109,12764.2,4.44,18,196.2,38.23,1,-19.2,4.09
HOSP1619,West,Diabetes,2367,2724,1252.74,16,5775.27,14.96,28,113.86,94.32,0,54.97,4.61
HOSP1620,Central,Respiratory,3300,2320,819.64,39,7491.04,5.79,29,198.26,81.98,0,30.21,7.85
HOSP1621,South,Cardiology,712,5460,1270.11,220,215.72,10.33,23,209.82,59.18,1,5.75,5.34
HOSP1622,West,Diabetes,787,4557,658.33,58,7432.17,2.44,19,164.04,25.97,1,-0.28,9.46
HOSP1623,West,Cardiology,3790,1563,580.98,226,14798.66,12.74,9,57.88,21.17,0,-19.28,3.64
HOSP1624,South,Cardiology,712,9723,1374.29,153,4246.19,13.65,27,69.23,34.7,0,-1.16,4.74
HOSP1625,South,Cardiology,2407,2492,391.73,120,5991.73,8.19,21,79.4,48.18,0,-8.98,8.08
HOSP1626,West,Neurology,3113,1738,1269.43,241,10339.13,19.13,24,30.08,30.31,0,28.97,5.91
HOSP1627,South,Cardiology,1881,3608,736.35,188,12240.43,17.61,27,69.02,51.98,1,-6.68,5.92
HOSP1628,West,Neurology,2691,7942,780.86,81,6319.14,14.45,6,53.17,17.37,0,22.29,1.48
HOSP1629,West,Respiratory,2796,8952,476.53,219,4714.07,14.56,14,114.38,97.79,1,27.21,4.59
HOSP1630,Central,Diabetes,4058,9491,868.1,229,14073.6,5.8,28,227.2,11.68,1,3.84,3.44
HOSP1631,North,Diabetes,674,2103,501.31,89,10189.46,13.48,26,27.02,93.26,1,-17.19,9.99
HOSP1632,West,Diabetes,2010,374,78.12,92,1873.42,4.77,24,180.35,91.44,0,-17.02,3.78
HOSP1633,East,Diabetes,3704,2430,422.56,51,1127.03,3.74,29,172.13,53.01,0,-17.89,8.96
HOSP1634,North,Diabetes,769,4487,29.44,26,7304.89,19.99,13,24.84,72.77,1,39.13,7.09
HOSP1635,North,Diabetes,4464,4360,1467.97,200,3379.34,12.83,11,230.72,44.17,1,5.44,4.07
HOSP1636,North,Diabetes,1383,7306,1449.31,182,3884.37,9.19,12,142.55,63.37,1,43.7,5.89
HOSP1637,Central,Respiratory,1023,9889,604.83,214,13177.61,6.48,19,91.57,34.72,1,14.54,8.56
HOSP1638,West,Cardiology,1225,3371,1097.99,16,1434.53,12.47,19,189.38,30.81,1,16.24,8.95
HOSP1639,Central,Oncology,1629,1767,531.79,164,10758.93,1.94,21,65.08,58.24,0,21.03,2.44
HOSP1640,West,Neurology,1694,1351,1013.22,19,4140.02,2.8,27,173.68,50.31,0,37.04,4.06
HOSP1641,Central,Oncology,346,7819,1212.04,43,11428.89,1.62,26,10.89,58.37,0,1.88,4.02
HOSP1642,Central,Oncology,3811,6233,1421.2,45,10863.93,10.48,19,210.01,29.38,1,-10.27,1.38
HOSP1643,East,Cardiology,1660,8760,612.31,162,210.14,12.41,24,112.59,37.33,1,24.48,6.38
HOSP1644,Central,Cardiology,2500,5146,1179.28,15,7686.12,2.19,26,159.54,9.31,0,6.16,8.69
HOSP1645,South,Cardiology,2343,8434,413.57,161,2175.86,14.7,13,56.09,6.18,0,15.4,4.43
HOSP1646,East,Diabetes,3964,2107,1485.69,155,13006.78,5.38,28,169.59,26.09,1,31.76,7.66
HOSP1647,Central,Respiratory,2039,3690,58.14,224,13086.63,14.02,14,193.29,8.35,0,19.53,6.65
HOSP1648,North,Diabetes,3169,2735,913.22,143,6333.35,19.66,24,118.83,11.27,0,29.62,4.38
HOSP1649,South,Respiratory,326,4373,996.07,38,6721.49,14.13,18,154.81,81.48,0,23.54,2.27
HOSP1650,South,Respiratory,3647,1493,1038.31,135,4618.92,17.78,12,114.63,4.85,1,39.18,7.38
HOSP1651,South,Oncology,364,4969,198.17,162,10777.43,19.02,4,223.63,66.24,1,36.47,8.69
HOSP1652,East,Oncology,1495,4996,1409.02,192,5444.05,10.25,10,124.97,27.98,0,22.74,7.17
HOSP1653,Central,Respiratory,3657,7071,288.15,90,4090.11,14.34,29,210.61,87.28,1,34.31,1.16
HOSP1654,Central,Respiratory,745,3172,941.68,183,6540.24,17.19,17,200.54,49.01,0,49.88,2.95
HOSP1655,North,Diabetes,3090,4122,349.56,161,1463.16,7.78,4,103.22,31.25,0,14.58,1.63
HOSP1656,North,Diabetes,1999,5197,474.68,84,11224.39,5.97,12,58.29,52.25,1,13.02,6.13
HOSP1657,South,Oncology,2604,7232,828.76,35,287.69,18.99,13,102.11,38.81,1,41.14,7.81
HOSP1658,North,Cardiology,2872,1192,637.45,136,9702.83,14.8,29,206.73,56.87,1,26.6,2.0
HOSP1659,East,Respiratory,1254,8312,257.13,124,2824.68,5.17,27,57.68,12.34,0,-14.32,8.55
HOSP1660,Central,Diabetes,687,5487,272.99,135,3562.82,9.53,29,131.58,99.7,0,51.37,6.0
HOSP1661,South,Oncology,4671,2440,638.85,235,9570.92,16.13,4,201.72,43.13,0,-17.54,7.21
HOSP1662,North,Diabetes,1921,1676,1140.78,37,14894.86,11.39,10,89.02,35.47,1,39.87,9.74
HOSP1663,East,Respiratory,1085,6626,1348.99,140,11687.99,13.35,25,160.91,71.31,0,40.7,1.75
HOSP1664,East,Respiratory,4179,589,144.51,84,3465.01,15.32,3,62.16,37.03,0,56.25,9.11
HOSP1665,North,Neurology,3448,1199,601.79,175,2722.77,12.82,15,28.21,83.49,0,-15.67,2.13
HOSP1666,Central,Cardiology,3931,2055,168.36,198,13006.87,11.26,2,198.8,45.97,0,27.75,4.54
HOSP1667,North,Neurology,1341,8325,44.56,87,6718.34,15.24,25,25.64,72.24,1,14.23,8.66
HOSP1668,South,Oncology,289,9050,999.34,188,2142.09,14.82,25,68.57,11.64,1,6.45,9.16
HOSP1669,North,Diabetes,1080,2963,911.63,99,12946.95,12.97,17,213.92,84.77,1,-12.77,5.56
HOSP1670,East,Oncology,1798,3863,261.27,185,12259.78,7.84,6,87.27,73.84,0,25.01,6.35
HOSP1671,North,Respiratory,1815,5186,366.04,30,14760.2,8.71,26,243.29,21.96,0,18.32,7.37
HOSP1672,Central,Neurology,2693,1681,55.09,63,13655.18,19.44,8,244.95,15.38,0,-11.64,8.49
HOSP1673,West,Neurology,4236,7456,1255.72,193,12791.68,3.14,3,67.8,32.31,1,29.0,2.09
HOSP1674,North,Neurology,4533,3931,1462.54,112,883.36,6.1,27,11.2,97.63,1,39.04,8.29
HOSP1675,Central,Oncology,1198,7462,220.48,231,1655.79,10.36,25,176.56,26.43,1,41.38,5.33
HOSP1676,Central,Respiratory,2426,651,362.58,68,8577.85,16.9,18,113.3,46.16,1,52.43,5.06
HOSP1677,East,Diabetes,3347,9929,1305.25,81,8019.04,4.11,22,26.09,3.97,1,12.76,4.82
HOSP1678,Central,Diabetes,995,3293,1391.17,188,6923.65,6.26,1,177.17,40.33,0,56.25,5.58
HOSP1679,Central,Oncology,1774,1082,641.05,29,6012.16,2.25,29,8.76,57.56,1,49.23,9.51
HOSP1680,Central,Neurology,3009,4608,94.92,121,6525.04,14.41,16,217.68,95.36,1,3.72,5.93
HOSP1681,Central,Cardiology,1030,4268,78.3,233,8582.54,5.53,7,35.52,52.16,1,-7.26,9.58
HOSP1682,South,Oncology,4484,3477,869.45,223,130.94,8.38,3,32.7,82.09,0,14.83,2.62
HOSP1683,South,Oncology,823,8766,601.48,68,3984.56,9.43,23,44.74,55.17,1,12.15,7.52
HOSP1684,East,Respiratory,3040,8151,62.41,80,7822.37,17.93,4,240.11,5.04,1,26.06,8.31
HOSP1685,North,Diabetes,1189,4890,883.21,146,10861.02,8.82,9,173.6,32.19,1,26.67,7.11
HOSP1686,Central,Oncology,4678,4795,36.73,118,2694.93,3.76,5,200.54,57.98,0,40.0,6.46
HOSP1687,North,Oncology,1035,4759,1185.31,138,8248.53,10.96,19,100.01,95.11,0,20.79,6.08
HOSP1688,North,Neurology,2395,7491,473.52,166,10745.45,19.3,15,84.74,86.05,1,-11.61,8.75
HOSP1689,East,Neurology,255,8360,79.58,200,6724.95,12.55,8,59.39,23.61,1,48.66,8.39
HOSP1690,Central,Cardiology,1170,312,890.76,209,503.51,19.68,6,120.68,22.79,1,4.78,2.1
HOSP1691,Central,Respiratory,2058,5331,608.57,65,6794.1,16.98,18,138.41,20.92,1,57.7,8.64
HOSP1692,West,Cardiology,2601,3397,1461.22,205,4517.03,1.68,19,158.31,92.33,0,-10.57,4.73
HOSP1693,North,Neurology,4319,339,825.41,44,13951.78,13.51,24,65.02,85.41,1,56.66,3.28
HOSP1694,North,Diabetes,3930,1624,427.35,132,1956.74,6.45,15,237.21,77.71,0,-12.72,8.83
HOSP1695,South,Neurology,954,3149,1069.97,140,9821.89,11.63,26,43.27,39.88,1,-1.52,4.89
HOSP1696,West,Respiratory,739,3368,421.81,246,885.52,6.31,7,241.45,50.93,0,-16.27,8.28
HOSP1697,South,Neurology,2338,8908,1358.28,113,6747.94,7.63,10,4.7,46.97,0,36.41,3.37
HOSP1698,South,Respiratory,1702,6243,574.59,16,8354.29,18.54,6,120.8,26.09,1,48.02,1.04
HOSP1699,South,Respiratory,541,7189,833.81,36,4539.53,4.93,14,84.01,51.0,0,14.73,5.46
HOSP1700,East,Respiratory,4728,7436,94.85,10,6880.63,17.61,17,112.83,4.02,1,54.28,1.9
HOSP1701,East,Respiratory,1436,6461,650.66,228,2536.95,1.58,9,143.1,14.05,0,27.22,7.79
HOSP1702,South,Respiratory,3800,1087,1251.9,217,4631.45,2.73,19,109.46,88.77,0,30.4,3.48
HOSP1703,West,Diabetes,1048,3304,1212.36,239,9354.48,17.24,5,104.3,75.42,1,47.63,4.99
HOSP1704,North,Cardiology,3473,249,351.99,208,4596.82,12.98,23,183.45,42.86,1,3.74,1.78
HOSP1705,West,Oncology,559,4151,354.6,181,13506.17,15.2,7,171.78,52.2,0,8.34,3.58
HOSP1706,Central,Cardiology,4746,3760,1229.61,96,9463.26,4.98,19,208.48,37.63,0,52.48,8.03
HOSP1707,East,Respiratory,492,218,1396.99,50,6635.87,11.2,20,63.24,74.34,1,52.08,2.36
HOSP1708,North,Diabetes,4038,5021,161.13,132,677.48,15.01,26,152.77,78.63,1,58.12,6.82
HOSP1709,North,Neurology,1887,6540,686.09,84,7543.27,12.92,7,146.71,76.57,1,52.15,9.26
HOSP1710,Central,Diabetes,2357,8258,519.43,51,11495.17,9.96,24,93.06,72.54,0,-9.81,7.12
HOSP1711,Central,Respiratory,1238,9865,1308.62,126,4056.81,19.24,2,122.03,21.25,1,45.9,8.3
HOSP1712,South,Diabetes,3908,2806,143.62,170,12120.93,13.85,25,79.13,34.46,1,12.79,1.98
HOSP1713,East,Diabetes,4841,8046,332.47,187,3851.92,18.25,23,36.32,47.51,0,59.26,3.26
HOSP1714,East,Respiratory,2554,8843,1133.65,72,12373.82,14.87,16,54.24,33.75,1,17.78,9.05
HOSP1715,West,Diabetes,1566,6632,95.91,237,1370.5,14.97,13,27.27,75.74,1,24.31,7.44
HOSP1716,South,Oncology,3774,3965,748.95,174,13006.14,2.52,8,171.08,33.61,1,22.38,6.76
HOSP1717,South,Oncology,1477,2638,674.32,242,7537.88,7.83,6,165.52,14.68,1,5.74,6.97
HOSP1718,South,Diabetes,2697,9941,514.91,196,4518.41,17.31,6,237.7,40.51,0,-14.0,4.73
HOSP1719,South,Neurology,241,6558,603.97,136,4050.19,5.42,9,182.69,98.01,1,51.65,1.4
HOSP1720,East,Respiratory,2759,8519,804.31,218,6536.96,3.19,4,13.96,23.36,1,44.21,8.06
HOSP1721,East,Oncology,4696,6141,258.82,236,14985.84,7.2,27,221.18,61.6,1,-8.84,7.11
HOSP1722,South,Neurology,939,7844,866.55,185,3382.88,5.19,11,215.81,43.86,1,42.14,5.26
HOSP1723,West,Diabetes,3718,5055,1212.04,142,1637.93,18.58,5,111.39,8.03,1,30.07,9.1
HOSP1724,North,Neurology,4017,6747,1145.04,57,8817.02,17.49,25,146.88,49.3,1,12.73,4.03
HOSP1725,North,Cardiology,695,7396,247.77,233,7379.28,10.49,17,244.04,70.51,0,0.32,3.65
HOSP1726,West,Oncology,2004,6111,240.89,12,7910.52,2.17,20,133.54,51.81,0,48.78,8.86
HOSP1727,South,Diabetes,380,6681,416.9,125,10037.34,14.58,7,226.43,87.34,0,36.02,8.17
HOSP1728,East,Respiratory,523,2961,554.39,184,4080.45,12.84,27,21.68,29.6,1,23.82,5.63
HOSP1729,North,Diabetes,4465,4656,624.51,199,13668.91,19.44,15,48.57,9.54,1,28.77,2.18
HOSP1730,Central,Respiratory,4349,9807,1025.95,108,6591.51,11.62,25,110.75,93.72,1,-12.71,2.94
HOSP1731,Central,Diabetes,1850,6561,103.89,125,2023.38,7.39,15,146.6,38.44,0,17.91,6.91
HOSP1732,West,Neurology,4857,5893,71.32,23,11160.25,10.86,14,204.24,58.06,1,-4.5,4.47
HOSP1733,South,Neurology,2067,5988,600.03,200,9682.25,19.61,13,247.08,79.41,0,-3.33,8.53
HOSP1734,North,Neurology,4188,401,1051.8,121,4804.58,14.23,11,97.82,33.11,1,32.9,9.55
HOSP1735,South,Cardiology,4278,6360,306.28,70,9360.63,13.77,28,12.81,71.9,1,52.9,8.25
HOSP1736,North,Respiratory,3046,717,969.43,168,3375.94,5.57,13,200.49,14.41,0,12.3,4.4
HOSP1737,West,Neurology,1549,7937,404.55,104,6728.11,15.13,26,151.49,29.84,0,-3.38,8.1
HOSP1738,West,Cardiology,2431,9733,1331.41,26,13501.25,15.26,22,50.44,15.33,0,31.9,4.16
HOSP1739,Central,Respiratory,2320,2188,1345.62,133,2089.66,7.03,28,124.21,81.31,0,49.69,2.5
HOSP1740,South,Diabetes,3889,4002,459.99,33,5861.78,10.19,24,185.84,23.04,0,39.87,1.3
HOSP1741,Central,Cardiology,2910,6008,360.39,125,12335.02,6.6,29,192.83,72.02,0,49.5,4.47
HOSP1742,South,Oncology,4828,7362,628.73,160,14545.41,5.92,9,125.4,94.39,1,22.92,9.13
HOSP1743,Central,Cardiology,1631,6441,375.99,91,6863.5,1.49,10,77.0,53.25,0,40.15,3.15
HOSP1744,East,Cardiology,4982,8599,1015.13,59,7654.29,6.42,4,243.46,54.46,1,-8.79,2.86
HOSP1745,East,Respiratory,3090,5833,1242.58,215,8625.36,11.53,17,166.18,46.64,1,7.86,9.73
HOSP1746,East,Diabetes,4593,5955,1016.18,88,13991.99,1.03,14,102.65,33.26,1,11.16,1.23
HOSP1747,East,Oncology,1243,6509,1240.04,88,12887.28,6.38,24,70.84,48.09,1,20.9,8.07
HOSP1748,North,Neurology,1033,4317,607.55,79,2641.96,17.75,18,183.04,60.68,1,54.33,3.89
HOSP1749,East,Neurology,1560,8545,251.35,36,6607.69,12.28,11,61.3,98.61,0,49.94,1.34
HOSP1750,West,Cardiology,2823,1718,1112.17,24,7013.61,12.55,16,43.76,93.84,0,-9.24,9.26
HOSP1751,West,Respiratory,2612,6363,553.5,59,11857.53,8.66,1,132.93,86.35,0,-6.18,2.26
HOSP1752,North,Respiratory,385,2800,1013.48,45,9083.1,13.85,29,73.21,89.02,1,8.61,5.97
HOSP1753,East,Neurology,364,2395,420.55,17,9847.88,4.61,7,157.6,47.32,0,3.26,3.47
HOSP1754,East,Oncology,2467,3754,140.22,88,14973.18,16.56,28,30.37,66.09,1,29.18,1.59
HOSP1755,East,Diabetes,3547,3049,1489.02,140,1216.9,3.22,10,164.08,89.61,1,52.22,1.45
HOSP1756,Central,Oncology,1862,1942,251.18,199,3422.85,13.46,9,71.54,39.9,1,56.98,2.04
HOSP1757,South,Diabetes,3148,1506,1482.86,56,6177.65,7.48,27,1.06,96.21,1,32.29,1.64
HOSP1758,Central,Neurology,2481,4049,1466.37,214,5281.96,15.2,28,32.61,42.16,0,47.05,7.85
HOSP1759,South,Diabetes,2369,7719,1194.85,114,422.52,11.45,28,233.47,60.51,0,22.02,5.37
HOSP1760,East,Respiratory,140,4395,995.95,107,1467.49,9.59,25,216.97,71.27,0,-3.33,4.09
HOSP1761,East,Cardiology,167,5378,875.15,225,10246.2,4.22,3,59.17,95.11,0,21.98,4.77
HOSP1762,Central,Cardiology,1087,2755,1301.83,241,13201.93,13.1,22,194.81,25.22,0,24.41,9.36
HOSP1763,Central,Neurology,4108,2505,448.37,105,7761.98,19.52,23,152.53,74.87,1,39.4,9.2
HOSP1764,South,Respiratory,3298,7819,712.17,198,8133.95,16.69,14,242.76,52.56,0,-2.41,7.44
HOSP1765,West,Oncology,4890,9480,936.7,169,3900.89,2.14,26,94.03,27.59,1,9.46,8.96
HOSP1766,South,Respiratory,2624,2842,628.56,231,11541.36,8.15,25,170.68,77.88,1,9.12,3.88
HOSP1767,Central,Cardiology,1185,9569,652.68,125,11301.74,18.59,15,16.82,55.67,1,56.76,4.43
HOSP1768,Central,Cardiology,2579,6609,508.82,22,8866.65,10.56,2,99.67,66.44,0,15.52,6.52
HOSP1769,North,Respiratory,1793,4957,855.06,10,3268.7,13.58,24,240.99,32.97,1,40.41,6.61
HOSP1770,Central,Respiratory,2415,3194,1278.85,43,1545.57,18.34,14,135.21,48.65,1,40.06,5.34
HOSP1771,North,Cardiology,878,8951,318.26,199,1057.15,17.6,16,72.68,62.12,0,1.24,4.61
HOSP1772,West,Oncology,4689,1471,1402.96,88,8931.17,10.53,7,30.95,41.09,1,25.75,9.88
HOSP1773,South,Neurology,1685,2013,1039.85,245,12393.03,9.32,4,176.18,20.64,1,51.54,8.39
HOSP1774,South,Neurology,1592,9001,1238.44,87,12889.12,7.45,18,161.57,96.2,1,18.02,4.91
HOSP1775,North,Respiratory,760,2661,843.16,130,7007.97,14.66,24,94.11,51.64,0,55.61,7.55
HOSP1776,South,Neurology,1448,4320,1173.68,102,11785.64,6.45,27,237.78,73.66,1,-2.84,3.43
HOSP1777,Central,Cardiology,1399,6324,43.98,107,14208.51,5.75,5,6.53,41.69,1,-14.07,1.9
HOSP1778,East,Cardiology,4040,8675,1231.2,91,4200.03,7.77,6,76.63,36.16,0,51.32,4.17
HOSP1779,North,Respiratory,2086,4596,79.41,208,6029.61,4.37,27,230.35,41.31,0,47.81,4.63
HOSP1780,South,Respiratory,2144,9483,1337.07,230,13979.04,14.21,7,80.91,41.51,1,59.41,1.15
HOSP1781,North,Respiratory,3616,1016,1488.1,168,5139.64,12.71,15,63.81,54.87,0,34.35,8.33
HOSP1782,North,Oncology,1158,7504,455.22,201,13716.76,10.17,26,134.02,54.8,0,54.94,4.23
HOSP1783,East,Neurology,1076,7531,331.27,162,14717.57,8.42,1,206.13,50.22,0,46.16,6.22
HOSP1784,Central,Respiratory,4677,282,1152.74,47,9960.98,18.27,24,26.68,14.34,0,47.55,1.67
HOSP1785,North,Diabetes,827,2120,394.48,23,12271.67,1.55,4,235.81,50.11,0,25.53,2.57
HOSP1786,South,Diabetes,2627,8017,1301.03,145,11268.23,15.61,29,198.97,17.74,0,10.59,9.01
HOSP1787,West,Cardiology,3236,2293,172.21,100,10523.06,18.14,25,46.13,13.49,0,54.76,6.48
HOSP1788,North,Neurology,442,7271,206.41,63,4673.27,9.48,1,178.29,93.33,1,14.57,9.55
HOSP1789,North,Respiratory,1547,8167,1469.14,139,950.71,11.46,11,96.85,60.89,0,23.11,9.99
HOSP1790,East,Diabetes,2479,8567,1017.28,218,5211.47,18.94,18,101.17,66.29,0,15.69,4.35
HOSP1791,Central,Neurology,3759,5485,1273.39,110,10037.35,5.03,14,196.04,40.78,0,25.19,3.69
HOSP1792,West,Cardiology,626,5137,500.01,215,1627.69,10.88,22,240.73,90.99,1,17.64,8.73
HOSP1793,South,Oncology,1996,569,1021.2,98,277.58,10.02,11,32.54,64.16,0,-16.16,9.99
HOSP1794,West,Neurology,4854,2018,899.48,65,2181.42,5.91,10,105.74,77.15,0,50.56,6.67
HOSP1795,South,Neurology,2173,2301,912.66,103,10764.47,16.55,27,120.75,37.49,1,15.55,8.16
HOSP1796,Central,Oncology,505,3690,1030.15,102,14594.63,18.09,17,94.7,96.04,0,27.12,8.04
HOSP1797,South,Neurology,1673,1979,871.53,93,14747.66,15.86,4,91.43,82.23,1,-8.86,4.2
HOSP1798,East,Cardiology,4700,7874,655.01,94,7460.29,4.71,24,14.01,85.54,1,-19.73,6.17
HOSP1799,East,Cardiology,3840,1564,428.37,198,13053.35,2.65,15,171.7,18.05,0,-0.38,8.5
HOSP1800,East,Oncology,4374,7494,1157.5,31,11078.71,12.5,26,109.62,27.83,1,36.37,7.19
HOSP1801,East,Respiratory,4327,3876,354.88,44,7565.5,2.08,16,49.5,29.28,0,-12.06,1.19
HOSP1802,West,Diabetes,1946,2626,1044.68,238,8634.13,13.78,21,204.19,27.82,0,52.71,4.03
HOSP1803,Central,Respiratory,1578,8464,365.33,25,2144.68,11.08,13,200.84,85.69,1,-2.8,2.3
HOSP1804,South,Neurology,2495,8289,945.49,59,14071.16,13.59,9,122.11,4.16,1,-3.63,3.1
HOSP1805,South,Diabetes,871,3162,1125.68,131,5343.75,12.21,11,75.31,8.53,0,-5.48,9.15
HOSP1806,East,Oncology,678,1059,343.7,137,6747.62,9.03,11,159.89,28.12,0,-18.88,1.33
HOSP1807,East,Oncology,3001,4338,108.72,122,10107.74,4.82,6,72.75,20.79,1,41.74,2.98
HOSP1808,North,Diabetes,293,2624,213.84,180,5075.15,6.81,1,59.77,23.95,0,50.0,3.79
HOSP1809,Central,Cardiology,2107,9456,916.88,26,3888.46,10.97,22,182.9,80.0,0,29.13,6.55
HOSP1810,West,Diabetes,1285,4217,1277.18,89,9502.64,13.39,6,11.04,56.75,0,-4.94,5.81
HOSP1811,South,Neurology,2494,8760,86.6,195,472.26,15.81,13,24.6,1.57,1,2.82,2.96
HOSP1812,North,Cardiology,3098,8542,1106.54,139,10838.8,15.58,22,2.69,43.5,0,18.07,2.48
HOSP1813,North,Oncology,1892,1334,525.15,141,7758.95,19.48,24,39.08,41.38,0,56.35,3.13
HOSP1814,South,Diabetes,1210,5366,728.22,94,9125.73,6.43,22,18.18,12.28,0,-0.21,5.52
HOSP1815,West,Respiratory,4105,5319,1394.71,176,9515.01,2.35,5,248.95,67.94,1,38.53,3.44
HOSP1816,North,Respiratory,2361,5894,511.32,235,7953.05,7.57,15,72.91,70.51,1,15.16,9.53
HOSP1817,North,Neurology,3836,6336,708.7,103,8779.75,15.12,27,38.17,72.37,1,3.83,5.17
HOSP1818,Central,Respiratory,3893,5685,40.25,143,10288.44,9.32,18,61.01,73.12,0,16.47,1.53
HOSP1819,West,Diabetes,2036,4364,140.77,90,11321.47,16.54,20,234.1,1.01,1,-14.3,7.56
HOSP1820,North,Diabetes,4975,2546,402.72,240,10939.04,11.44,14,130.52,95.44,0,43.89,3.96
HOSP1821,West,Respiratory,4457,5239,61.22,226,13057.29,18.67,15,91.84,81.61,1,-0.54,6.88
HOSP1822,South,Diabetes,829,5097,954.44,78,2922.71,19.01,26,218.47,90.49,0,38.03,3.52
HOSP1823,East,Neurology,4478,8452,651.07,78,6077.1,2.32,5,99.35,2.55,1,-14.53,6.14
HOSP1824,North,Cardiology,3551,5241,831.25,157,14222.16,9.67,26,84.42,93.45,0,56.41,7.95
HOSP1825,Central,Neurology,4557,4101,278.48,201,6009.2,12.58,4,52.61,81.17,0,-4.56,9.35
HOSP1826,South,Neurology,4636,1537,457.98,25,1960.56,5.86,2,95.07,83.88,1,50.62,3.35
HOSP1827,West,Diabetes,2240,1384,1002.46,60,7929.13,8.73,7,79.85,10.24,0,44.76,4.01
HOSP1828,South,Cardiology,1744,4626,1448.65,114,1731.42,13.88,10,169.65,74.14,1,57.43,5.18
HOSP1829,North,Diabetes,2900,1751,94.62,174,3122.51,5.31,16,73.11,96.03,1,18.23,9.34
HOSP1830,West,Oncology,241,1829,1337.77,241,14974.95,12.44,10,144.72,68.18,0,38.19,9.11
HOSP1831,East,Diabetes,1555,9719,873.78,210,8166.3,14.25,18,17.41,57.49,0,9.66,1.81
HOSP1832,South,Diabetes,4896,1726,854.6,206,4332.47,2.72,17,48.63,94.62,1,-5.25,2.19
HOSP1833,North,Diabetes,2196,1561,760.41,179,14922.15,10.45,21,102.44,44.85,1,15.45,5.46
HOSP1834,Central,Cardiology,1425,9965,122.7,194,14501.73,6.0,28,234.3,60.33,1,-6.74,1.96
HOSP1835,West,Diabetes,1313,4570,153.02,75,6667.01,14.76,13,94.94,48.16,0,58.56,4.11
HOSP1836,South,Cardiology,1259,5483,909.35,18,3980.01,4.6,1,166.35,93.35,1,-12.3,2.34
HOSP1837,South,Respiratory,4750,7810,524.62,116,12592.15,17.95,1,64.52,8.53,0,27.14,6.72
HOSP1838,East,Oncology,4599,2193,1377.56,109,10762.75,9.19,15,32.63,50.61,0,30.12,9.55
HOSP1839,East,Cardiology,4797,1069,621.75,95,10335.43,4.76,1,15.58,69.01,1,23.05,9.97
HOSP1840,Central,Respiratory,440,1214,232.06,73,13407.39,9.32,6,77.05,79.4,1,32.97,4.38
HOSP1841,Central,Cardiology,3928,802,1077.78,223,10372.32,8.77,25,40.26,58.72,0,-10.71,6.39
HOSP1842,North,Cardiology,2068,890,454.16,31,4328.59,9.15,26,44.33,90.98,0,24.4,8.71
HOSP1843,North,Oncology,803,8885,797.7,171,10438.56,12.13,13,190.43,94.26,0,2.98,2.06
HOSP1844,Central,Neurology,4513,689,1052.79,192,4656.62,10.9,27,4.94,7.37,0,55.21,7.21
HOSP1845,Central,Neurology,2529,7064,1352.39,166,11412.66,3.85,28,139.89,40.83,1,40.97,4.68
HOSP1846,West,Cardiology,1900,7440,1192.44,175,9334.24,2.25,1,95.49,3.32,0,57.8,2.86
HOSP1847,East,Diabetes,4748,7986,1021.01,119,1253.43,14.86,5,127.13,33.61,1,-17.0,4.62
HOSP1848,North,Respiratory,955,8224,1025.86,106,7741.25,11.63,9,141.14,54.15,1,2.81,1.68
HOSP1849,East,Diabetes,1912,494,1419.97,27,5215.18,7.82,25,79.03,91.17,1,-4.37,7.26
HOSP1850,East,Diabetes,2966,5688,457.82,80,4995.7,16.36,17,74.48,84.81,0,-19.11,3.27
HOSP1851,Central,Cardiology,3742,4227,21.65,202,9073.62,8.37,16,183.62,13.62,0,-0.61,3.8
HOSP1852,West,Cardiology,282,3112,422.49,136,4902.64,16.12,8,217.95,10.21,1,34.3,2.09
HOSP1853,South,Cardiology,3212,4944,342.48,106,11675.72,6.81,17,48.95,59.34,1,-1.51,8.78
HOSP1854,West,Cardiology,4592,2073,999.52,10,1154.79,2.38,15,25.31,53.68,1,20.72,5.44
HOSP1855,West,Neurology,1617,3458,957.89,225,9939.78,18.72,24,224.55,27.37,1,51.03,6.15
HOSP1856,East,Cardiology,1456,3017,898.32,141,12157.0,8.5,1,88.12,90.05,0,35.5,6.12
HOSP1857,West,Neurology,2274,8836,44.04,13,10125.19,16.06,12,138.28,92.81,1,11.57,4.69
HOSP1858,North,Neurology,3729,3841,1098.59,134,7508.72,6.3,5,90.53,40.86,0,9.8,2.73
HOSP1859,East,Cardiology,3728,4658,498.83,91,14259.57,13.28,24,32.32,89.14,0,16.46,7.71
HOSP1860,North,Oncology,4196,5507,1004.28,36,4569.08,17.59,6,147.74,39.01,0,-5.84,2.14
HOSP1861,South,Respiratory,3339,9133,843.74,180,385.6,1.79,25,131.76,73.94,0,30.72,1.93
HOSP1862,East,Diabetes,3791,2241,527.24,68,6536.64,16.78,1,51.55,48.12,1,9.13,7.39
HOSP1863,South,Neurology,118,879,219.17,41,591.88,11.86,25,113.52,13.14,0,48.19,2.88
HOSP1864,East,Respiratory,3503,5938,159.74,170,14313.66,12.54,1,199.44,92.87,1,40.52,3.76
HOSP1865,Central,Oncology,4779,5868,1250.65,37,3227.78,10.94,10,148.02,45.96,0,28.84,5.28
HOSP1866,West,Diabetes,4651,9750,1379.23,115,11855.01,17.62,10,25.13,73.71,1,9.14,5.04
HOSP1867,Central,Diabetes,3104,7897,981.69,114,11641.12,1.83,3,137.46,37.35,1,-3.21,7.38
HOSP1868,South,Neurology,1232,8233,173.08,192,3344.16,5.96,17,175.98,2.87,1,42.09,6.61
HOSP1869,West,Cardiology,3439,262,615.0,237,9356.28,17.64,19,198.38,10.95,1,18.91,6.8
HOSP1870,East,Oncology,3411,8029,1098.83,197,816.38,15.29,28,157.65,50.13,1,-2.02,7.43
HOSP1871,West,Neurology,3472,7552,1174.13,79,7305.26,1.34,11,39.01,69.31,0,-4.39,3.63
HOSP1872,North,Oncology,1087,7115,194.96,71,318.24,10.82,29,177.83,34.14,1,-6.77,3.9
HOSP1873,West,Cardiology,3421,8526,20.05,217,13825.04,11.06,18,169.66,69.85,0,42.17,4.94
HOSP1874,North,Cardiology,4715,3844,1073.96,43,14643.68,8.62,2,7.08,70.16,1,-1.68,3.77
HOSP1875,West,Neurology,273,5170,547.76,96,3412.01,6.65,9,103.53,70.69,0,22.13,9.86
HOSP1876,North,Cardiology,3841,8203,396.63,123,3200.78,13.95,24,83.9,49.76,0,16.12,8.33
HOSP1877,South,Respiratory,3152,3478,39.09,115,11330.43,4.95,17,167.68,91.57,0,26.37,2.48
HOSP1878,Central,Diabetes,826,7496,819.64,225,3875.35,16.18,28,54.82,49.43,1,50.17,1.05
HOSP1879,East,Neurology,3860,9214,1279.7,65,13436.64,16.26,14,148.13,45.58,0,49.42,1.39
HOSP1880,West,Oncology,1975,3274,1437.29,122,8651.54,8.89,4,228.39,20.74,1,16.09,3.2
HOSP1881,Central,Respiratory,4133,8512,857.3,22,5326.59,6.39,29,199.65,31.46,1,-18.77,2.03
HOSP1882,East,Neurology,1089,7752,781.4,193,12507.14,6.39,17,230.44,5.19,0,14.12,5.8
HOSP1883,East,Cardiology,3844,1837,145.88,27,7451.76,10.16,17,244.65,63.72,0,28.5,8.72
HOSP1884,North,Cardiology,2786,5303,832.33,191,13683.33,14.67,12,3.66,25.61,1,24.62,7.63
HOSP1885,South,Cardiology,519,9316,582.37,214,13927.41,7.82,28,156.06,31.11,1,32.11,2.94
HOSP1886,South,Cardiology,693,844,918.56,122,2564.76,12.59,20,103.8,77.31,1,-7.67,4.59
HOSP1887,Central,Oncology,1874,2232,595.31,238,134.62,8.27,18,215.1,33.39,1,31.72,5.57
HOSP1888,South,Respiratory,2559,2961,375.64,180,14760.57,6.79,3,63.7,24.98,1,-5.39,8.29
HOSP1889,West,Diabetes,1035,2268,160.55,48,13601.45,1.47,11,245.28,17.74,1,40.04,8.55
HOSP1890,South,Oncology,3908,441,486.08,198,926.13,1.07,25,153.81,77.71,0,7.13,9.19
HOSP1891,Central,Oncology,431,2868,163.03,179,12512.21,5.32,18,198.59,13.84,1,36.79,5.58
HOSP1892,South,Diabetes,3549,1002,281.81,218,6921.29,8.72,4,22.31,45.92,1,-16.17,7.25
HOSP1893,West,Diabetes,2802,5259,1481.26,88,3958.53,17.17,17,46.68,51.19,0,12.63,2.01
HOSP1894,North,Cardiology,4106,395,677.27,155,13193.32,16.17,18,189.84,69.05,0,36.4,6.09
HOSP1895,Central,Oncology,3968,2387,807.17,160,3030.34,6.08,5,6.47,63.7,0,-1.85,3.24
HOSP1896,North,Neurology,4300,2530,1312.96,191,14214.77,5.65,14,204.4,81.26,1,43.62,4.89
HOSP1897,North,Diabetes,301,5041,1493.44,39,3163.76,5.32,10,4.47,5.43,0,30.46,6.71
HOSP1898,North,Diabetes,2597,3806,882.42,107,9243.88,7.45,15,164.62,30.35,0,27.0,3.31
HOSP1899,East,Respiratory,1942,8668,1222.46,67,3423.99,10.47,1,91.91,28.73,1,8.28,1.47
HOSP1900,East,Neurology,1966,260,503.87,205,8230.46,9.33,16,153.26,15.46,1,18.6,1.09
HOSP1901,North,Neurology,2096,4127,472.5,76,10291.23,5.15,11,174.31,29.63,1,27.79,1.2
HOSP1902,Central,Diabetes,1009,6496,616.0,80,2934.4,3.48,23,86.28,31.67,1,17.8,1.08
HOSP1903,West,Cardiology,4405,2791,1015.31,155,7861.2,1.24,20,27.88,52.67,0,35.87,1.99
HOSP1904,West,Respiratory,4758,8958,1029.64,115,7088.99,3.93,6,18.34,66.71,1,14.7,3.16
HOSP1905,South,Neurology,3289,9963,486.55,16,1158.46,14.4,24,147.65,38.73,0,-3.82,2.99
HOSP1906,Central,Diabetes,870,6321,217.15,49,12292.79,5.63,29,130.64,72.23,1,-2.89,9.88
HOSP1907,East,Neurology,3255,1400,955.95,79,5101.67,9.9,22,185.81,34.28,0,-19.54,3.75
HOSP1908,North,Respiratory,2601,3054,209.92,223,8661.27,12.23,16,127.92,29.74,1,4.08,2.15
HOSP1909,South,Respiratory,2814,7224,876.17,202,7770.29,17.85,2,106.19,54.58,1,39.91,5.91
HOSP1910,West,Oncology,4824,9628,1046.26,77,7747.58,17.89,1,100.12,3.35,1,43.53,8.72
HOSP1911,East,Diabetes,3685,7172,1056.91,247,1697.61,15.17,24,7.59,8.9,0,-3.8,7.1
HOSP1912,East,Respiratory,1728,336,1135.14,58,6409.88,1.67,24,84.55,42.38,0,56.72,3.66
HOSP1913,North,Oncology,486,1229,1311.83,61,6840.26,11.93,9,244.03,94.35,0,20.19,6.05
HOSP1914,West,Oncology,3521,2794,759.94,123,11031.28,15.95,22,218.52,72.43,1,53.36,7.43
HOSP1915,Central,Neurology,4108,7406,1100.77,116,12616.28,1.33,12,83.02,9.72,0,36.54,7.55
HOSP1916,East,Neurology,4193,861,936.38,38,8220.24,11.44,17,147.36,84.79,1,37.79,7.0
HOSP1917,North,Oncology,4463,2672,296.23,158,1393.07,17.3,25,211.98,73.5,1,-13.2,8.84
HOSP1918,Central,Neurology,2566,286,58.02,227,3629.06,10.01,28,110.88,61.48,1,-2.4,8.83
HOSP1919,West,Respiratory,2382,6419,441.12,87,2557.52,1.08,29,5.47,82.21,0,-19.29,6.21
HOSP1920,East,Cardiology,1956,8343,675.69,18,1956.76,1.21,15,19.55,41.01,1,37.29,4.87
HOSP1921,Central,Respiratory,2098,7168,933.32,184,5551.9,8.92,19,128.09,22.93,0,7.56,6.77
HOSP1922,Central,Oncology,1336,2973,1277.94,85,3517.96,3.95,27,242.39,51.69,1,42.93,8.36
HOSP1923,Central,Oncology,4769,1900,310.44,51,3352.72,13.62,22,173.61,55.34,1,7.11,1.05
HOSP1924,East,Respiratory,4244,2900,205.81,188,914.93,14.47,10,18.66,54.29,1,45.55,9.93
HOSP1925,East,Neurology,1250,7015,1445.95,193,363.28,4.38,29,48.15,56.94,0,-9.54,2.65
HOSP1926,South,Neurology,4418,1847,179.91,188,1631.25,17.88,26,193.06,94.92,0,-6.13,5.23
HOSP1927,West,Oncology,1531,6238,728.17,207,2665.74,9.4,27,210.52,90.32,1,7.27,8.85
HOSP1928,North,Diabetes,1919,5364,886.63,137,6521.66,3.71,12,154.81,87.7,0,12.68,3.03
HOSP1929,Central,Neurology,2424,5720,821.23,29,7706.75,15.52,14,161.46,80.34,0,7.9,5.29
HOSP1930,South,Respiratory,1230,3887,147.33,225,2194.82,16.01,9,8.06,94.4,1,41.09,2.19
HOSP1931,North,Neurology,2758,796,104.4,164,6429.27,13.15,27,207.3,10.75,1,-12.24,4.56
HOSP1932,South,Respiratory,3600,4745,176.12,175,5192.06,17.22,13,197.28,27.25,0,8.1,2.59
HOSP1933,East,Oncology,474,8876,886.67,81,2833.01,15.01,3,65.5,50.01,1,46.98,4.27
HOSP1934,Central,Neurology,2220,9037,825.63,74,201.93,17.76,21,177.46,84.81,1,-14.66,4.36
HOSP1935,North,Respiratory,4120,4957,365.94,191,7058.57,9.24,29,54.5,51.01,0,55.39,9.94
HOSP1936,North,Oncology,2121,4584,963.91,122,10316.21,15.2,14,11.04,75.06,0,58.91,9.95
HOSP1937,North,Diabetes,3805,9112,1233.7,33,3471.53,20.0,21,51.08,14.76,1,-12.91,2.03
HOSP1938,North,Respiratory,3359,4933,81.54,137,2063.92,14.77,10,45.48,25.99,0,3.3,7.53
HOSP1939,North,Diabetes,3535,7281,757.23,184,13316.94,3.17,16,85.1,73.45,0,9.79,1.47
HOSP1940,South,Diabetes,1989,8890,1040.18,208,4197.87,10.85,7,105.19,17.31,1,42.11,1.27
HOSP1941,Central,Cardiology,1923,7317,393.42,92,3431.83,12.16,4,127.63,35.78,1,27.67,1.95
HOSP1942,East,Neurology,1574,4929,475.5,223,12870.74,4.31,27,119.71,27.22,1,31.55,9.69
HOSP1943,East,Respiratory,2342,1873,928.18,72,12274.9,19.29,20,68.4,35.64,1,40.6,9.47
HOSP1944,East,Diabetes,3343,8506,1348.94,194,6780.36,4.34,23,8.26,71.12,0,-10.56,2.75
HOSP1945,East,Cardiology,3234,7378,1218.69,192,7389.66,4.37,25,151.67,37.42,0,46.66,2.46
HOSP1946,South,Oncology,2170,2494,883.03,69,3344.46,18.39,11,99.54,55.97,1,36.45,3.16
HOSP1947,West,Respiratory,459,3830,1100.73,108,1266.69,9.84,16,75.37,10.89,1,26.19,5.64
HOSP1948,Central,Diabetes,2141,346,559.94,71,8644.13,2.2,20,216.87,80.7,1,51.18,6.13
HOSP1949,North,Neurology,1241,3653,968.63,39,1565.34,12.37,4,186.94,37.62,1,36.02,2.99
HOSP1950,West,Cardiology,1735,4707,709.95,230,6794.19,12.43,22,214.58,65.2,0,-3.86,7.81
HOSP1951,East,Diabetes,4100,5983,301.11,31,14113.41,2.23,22,124.25,72.81,0,14.38,3.79
HOSP1952,West,Neurology,2043,7951,1058.57,212,14297.23,19.48,23,33.6,21.76,1,19.52,9.3
HOSP1953,Central,Diabetes,4874,5828,843.57,221,3666.05,11.34,17,174.36,88.58,1,-15.58,6.91
HOSP1954,North,Respiratory,3461,8528,550.76,135,9399.29,11.64,13,52.31,62.01,0,56.37,4.93
HOSP1955,North,Respiratory,3080,3560,1368.78,166,7163.74,10.88,11,110.87,43.44,0,-9.71,8.11
HOSP1956,Central,Respiratory,106,3205,50.98,178,13147.71,12.6,3,17.19,19.05,0,35.8,8.36
HOSP1957,Central,Cardiology,3367,3752,487.34,51,4144.32,6.02,9,206.5,94.29,0,20.5,3.61
HOSP1958,East,Respiratory,1691,218,104.18,107,155.17,6.46,6,32.36,75.75,1,-17.95,4.06
HOSP1959,North,Neurology,3364,2442,1154.46,202,2522.16,10.72,22,225.87,21.59,0,53.98,9.42
HOSP1960,West,Diabetes,2706,6518,1059.12,40,5307.89,16.33,21,216.19,34.43,0,48.15,2.48
HOSP1961,South,Oncology,3319,5297,510.4,167,4804.24,1.95,11,116.68,81.16,0,21.94,1.38
HOSP1962,South,Neurology,3373,8840,1019.98,121,11891.31,12.46,16,186.35,69.87,1,-1.68,5.09
HOSP1963,Central,Neurology,1013,2148,605.99,155,10240.35,16.33,19,155.24,76.81,1,-10.27,8.21
HOSP1964,East,Respiratory,2111,9337,1139.26,131,4563.39,3.98,27,200.97,44.68,0,9.07,7.95
HOSP1965,South,Cardiology,1542,5818,692.19,26,6920.38,1.29,5,108.52,71.93,0,0.43,9.28
HOSP1966,North,Diabetes,3154,4436,630.17,47,1523.83,6.94,14,196.67,39.26,1,20.54,5.8
HOSP1967,Central,Cardiology,3646,7101,1403.4,151,13482.38,12.17,17,116.15,21.92,1,57.31,1.9
HOSP1968,West,Diabetes,4321,2120,391.3,224,14037.83,3.63,3,235.3,63.64,0,26.0,6.3
HOSP1969,Central,Diabetes,3028,4388,198.26,226,14699.07,9.1,4,122.11,97.63,1,51.19,8.01
HOSP1970,West,Cardiology,1929,438,885.12,216,13041.44,11.49,16,116.19,31.75,0,32.07,1.84
HOSP1971,Central,Neurology,675,404,1454.6,119,2692.02,12.38,16,196.48,46.64,1,18.02,2.55
HOSP1972,Central,Diabetes,1029,5752,579.2,193,788.33,6.21,21,205.57,67.73,0,48.37,1.11
HOSP1973,Central,Cardiology,3859,5127,111.81,31,8735.99,8.6,26,139.07,54.61,0,17.71,6.34
HOSP1974,West,Diabetes,3799,4590,522.17,204,13697.81,15.79,25,45.77,84.5,1,49.49,8.98
HOSP1975,West,Oncology,1563,2887,768.78,65,2742.54,18.88,4,117.47,76.41,0,3.33,7.04
HOSP1976,Central,Neurology,3375,5151,259.65,128,204.94,17.38,19,242.05,6.77,1,-9.69,9.84
HOSP1977,South,Respiratory,1154,6360,993.99,156,12101.89,11.72,26,188.49,99.84,1,48.43,1.57
HOSP1978,East,Diabetes,2000,5588,1496.67,66,1244.26,8.8,17,202.98,75.49,1,26.99,9.13
HOSP1979,East,Oncology,1557,9740,688.57,181,6264.22,7.33,13,9.17,86.53,0,51.13,8.33
HOSP1980,East,Respiratory,1499,5326,545.0,235,10215.42,3.37,26,117.5,65.47,0,55.03,3.83
HOSP1981,West,Respiratory,3515,1016,613.04,44,3628.28,3.02,22,162.01,85.77,0,-15.71,9.76
HOSP1982,West,Diabetes,542,9212,190.42,123,1351.04,14.08,23,207.68,12.13,1,20.08,3.59
HOSP1983,South,Cardiology,3750,392,1327.24,134,11573.32,5.94,26,13.27,35.43,0,10.0,9.0
HOSP1984,East,Diabetes,4752,1976,633.94,138,9489.61,5.84,24,213.26,87.77,0,30.07,8.93
HOSP1985,East,Oncology,1278,3845,593.17,61,14828.51,19.97,28,137.55,20.96,0,43.49,7.82
HOSP1986,Central,Respiratory,4558,6514,996.34,94,5230.19,4.57,1,50.13,8.75,0,2.45,6.07
HOSP1987,West,Diabetes,1357,8642,674.21,230,1020.26,3.81,12,80.0,79.02,1,24.54,2.08
HOSP1988,East,Cardiology,3734,1988,979.39,207,11041.82,2.88,4,71.2,83.71,0,36.7,5.79
HOSP1989,South,Diabetes,1941,7574,110.94,174,7873.83,12.02,11,133.18,17.1,1,-9.25,4.21
HOSP1990,South,Neurology,2409,3900,1224.31,74,3276.74,12.93,5,13.87,85.58,1,45.13,8.13
HOSP1991,East,Cardiology,1010,9559,1411.95,188,11747.76,7.94,2,40.48,68.99,1,28.49,7.82
HOSP1992,West,Oncology,4440,4093,980.17,138,3135.96,11.17,17,203.36,52.49,1,55.96,9.2
HOSP1993,South,Respiratory,4737,7011,1432.76,228,3983.86,15.98,8,34.02,83.19,0,7.16,1.13
HOSP1994,Central,Diabetes,4109,9488,244.12,30,1478.68,16.54,6,59.12,42.51,0,-11.35,8.28
HOSP1995,South,Cardiology,2269,2879,726.58,190,6051.54,19.2,21,113.89,20.21,0,20.52,9.45
HOSP1996,North,Neurology,2272,4104,910.67,25,6342.05,16.66,29,129.76,29.2,1,-13.14,8.1
HOSP1997,North,Cardiology,223,7460,880.97,245,7766.97,11.73,9,191.14,51.01,0,57.56,2.17
HOSP1998,West,Neurology,3258,704,614.16,132,10663.57,4.41,13,112.39,53.6,1,-16.91,1.73
HOSP1999,East,Oncology,885,9779,520.36,70,13600.9,2.9,11,197.68,80.75,0,40.28,1.19
